id,label
000001,cat
000002,automobile
000003,cat
000004,cat
000005,dog
000006,automobile
000007,cat
000008,bird
000009,cat
000010,bird
000011,bird
000012,bird
000013,cat
000014,cat
000015,cat
000016,airplane
000017,deer
000018,bird
000019,airplane
000020,bird
000021,bird
000022,automobile
000023,bird
000024,airplane
000025,automobile
000026,bird
000027,cat
000028,automobile
000029,airplane
000030,cat
000031,dog
000032,bird
000033,airplane
000034,automobile
000035,automobile
000036,automobile
000037,automobile
000038,airplane
000039,cat
000040,airplane
000041,cat
000042,airplane
000043,airplane
000044,deer
000045,dog
000046,automobile
000047,deer
000048,airplane
000049,automobile
000050,cat
000051,airplane
000052,cat
000053,deer
000054,deer
000055,bird
000056,automobile
000057,cat
000058,airplane
000059,automobile
000060,airplane
000061,dog
000062,cat
000063,airplane
000064,automobile
000065,airplane
000066,automobile
000067,cat
000068,cat
000069,automobile
000070,automobile
000071,airplane
000072,automobile
000073,airplane
000074,deer
000075,cat
000076,deer
000077,automobile
000078,automobile
000079,airplane
000080,bird
000081,airplane
000082,automobile
000083,bird
000084,deer
000085,dog
000086,airplane
000087,bird
000088,dog
000089,bird
000090,bird
000091,automobile
000092,cat
000093,cat
000094,cat
000095,automobile
000096,cat
000097,bird
000098,bird
000099,dog
000100,airplane
000101,deer
000102,automobile
000103,bird
000104,dog
000105,airplane
000106,airplane
000107,automobile
000108,airplane
000109,deer
000110,deer
000111,dog
000112,bird
000113,airplane
000114,cat
000115,airplane
000116,bird
000117,airplane
000118,cat
000119,airplane
000120,airplane
000121,cat
000122,airplane
000123,dog
000124,airplane
000125,bird
000126,dog
000127,cat
000128,bird
000129,deer
000130,dog
000131,deer
000132,automobile
000133,cat
000134,cat
000135,bird
000136,bird
000137,bird
000138,bird
000139,dog
000140,dog
000141,airplane
000142,bird
000143,cat
000144,automobile
000145,cat
000146,horse
000147,airplane
000148,airplane
000149,deer
000150,bird
000151,deer
000152,automobile
000153,cat
000154,deer
000155,bird
000156,dog
000157,dog
000158,airplane
000159,automobile
000160,dog
000161,bird
000162,cat
000163,cat
000164,cat
000165,bird
000166,dog
000167,airplane
000168,bird
000169,dog
000170,bird
000171,automobile
000172,cat
000173,bird
000174,automobile
000175,bird
000176,bird
000177,airplane
000178,deer
000179,automobile
000180,airplane
000181,cat
000182,automobile
000183,airplane
000184,automobile
000185,bird
000186,cat
000187,airplane
000188,airplane
000189,automobile
000190,deer
000191,deer
000192,cat
000193,airplane
000194,horse
000195,dog
000196,cat
000197,automobile
000198,cat
000199,automobile
000200,deer
000201,dog
000202,deer
000203,bird
000204,cat
000205,deer
000206,bird
000207,automobile
000208,automobile
000209,automobile
000210,automobile
000211,deer
000212,deer
000213,bird
000214,dog
000215,dog
000216,cat
000217,cat
000218,dog
000219,bird
000220,cat
000221,horse
000222,dog
000223,deer
000224,cat
000225,deer
000226,automobile
000227,deer
000228,bird
000229,deer
000230,deer
000231,airplane
000232,dog
000233,cat
000234,automobile
000235,bird
000236,airplane
000237,bird
000238,cat
000239,cat
000240,airplane
000241,deer
000242,deer
000243,bird
000244,bird
000245,deer
000246,cat
000247,deer
000248,bird
000249,bird
000250,cat
000251,airplane
000252,deer
000253,bird
000254,airplane
000255,airplane
000256,bird
000257,deer
000258,deer
000259,deer
000260,cat
000261,cat
000262,airplane
000263,airplane
000264,automobile
000265,bird
000266,dog
000267,cat
000268,automobile
000269,automobile
000270,deer
000271,airplane
000272,bird
000273,airplane
000274,automobile
000275,automobile
000276,bird
000277,automobile
000278,airplane
000279,automobile
000280,automobile
000281,bird
000282,cat
000283,dog
000284,automobile
000285,airplane
000286,cat
000287,cat
000288,cat
000289,cat
000290,bird
000291,airplane
000292,automobile
000293,airplane
000294,dog
000295,automobile
000296,deer
000297,cat
000298,deer
000299,deer
000300,deer
000301,airplane
000302,airplane
000303,automobile
000304,deer
000305,automobile
000306,automobile
000307,automobile
000308,deer
000309,airplane
000310,airplane
000311,deer
000312,cat
000313,bird
000314,bird
000315,bird
000316,cat
000317,cat
000318,cat
000319,cat
000320,bird
000321,deer
000322,airplane
000323,airplane
000324,airplane
000325,airplane
000326,automobile
000327,cat
000328,airplane
000329,cat
000330,airplane
000331,deer
000332,airplane
000333,bird
000334,cat
000335,bird
000336,airplane
000337,automobile
000338,dog
000339,cat
000340,airplane
000341,airplane
000342,cat
000343,airplane
000344,bird
000345,airplane
000346,automobile
000347,cat
000348,automobile
000349,cat
000350,airplane
000351,airplane
000352,airplane
000353,bird
000354,cat
000355,bird
000356,automobile
000357,dog
000358,bird
000359,deer
000360,airplane
000361,deer
000362,automobile
000363,automobile
000364,bird
000365,airplane
000366,cat
000367,cat
000368,deer
000369,automobile
000370,cat
000371,cat
000372,deer
000373,cat
000374,bird
000375,cat
000376,airplane
000377,bird
000378,cat
000379,automobile
000380,cat
000381,automobile
000382,bird
000383,cat
000384,cat
000385,dog
000386,airplane
000387,deer
000388,automobile
000389,bird
000390,bird
000391,dog
000392,airplane
000393,airplane
000394,automobile
000395,automobile
000396,automobile
000397,bird
000398,cat
000399,dog
000400,airplane
000401,bird
000402,dog
000403,deer
000404,airplane
000405,dog
000406,dog
000407,deer
000408,airplane
000409,airplane
000410,deer
000411,automobile
000412,airplane
000413,bird
000414,bird
000415,airplane
000416,cat
000417,cat
000418,bird
000419,airplane
000420,cat
000421,cat
000422,automobile
000423,cat
000424,deer
000425,airplane
000426,automobile
000427,automobile
000428,automobile
000429,airplane
000430,bird
000431,airplane
000432,bird
000433,cat
000434,airplane
000435,deer
000436,bird
000437,horse
000438,horse
000439,cat
000440,dog
000441,airplane
000442,airplane
000443,cat
000444,cat
000445,deer
000446,airplane
000447,bird
000448,deer
000449,cat
000450,airplane
000451,bird
000452,bird
000453,automobile
000454,automobile
000455,automobile
000456,cat
000457,bird
000458,bird
000459,automobile
000460,bird
000461,deer
000462,airplane
000463,deer
000464,dog
000465,horse
000466,bird
000467,automobile
000468,bird
000469,cat
000470,deer
000471,deer
000472,automobile
000473,automobile
000474,airplane
000475,bird
000476,bird
000477,airplane
000478,airplane
000479,bird
000480,automobile
000481,cat
000482,bird
000483,bird
000484,deer
000485,bird
000486,dog
000487,airplane
000488,airplane
000489,cat
000490,automobile
000491,dog
000492,airplane
000493,dog
000494,airplane
000495,automobile
000496,deer
000497,cat
000498,automobile
000499,deer
000500,airplane
000501,bird
000502,cat
000503,bird
000504,dog
000505,airplane
000506,bird
000507,airplane
000508,deer
000509,cat
000510,automobile
000511,dog
000512,dog
000513,airplane
000514,cat
000515,cat
000516,dog
000517,cat
000518,airplane
000519,cat
000520,airplane
000521,automobile
000522,deer
000523,airplane
000524,airplane
000525,airplane
000526,cat
000527,automobile
000528,bird
000529,airplane
000530,airplane
000531,automobile
000532,cat
000533,automobile
000534,deer
000535,bird
000536,automobile
000537,airplane
000538,bird
000539,bird
000540,cat
000541,airplane
000542,bird
000543,automobile
000544,bird
000545,airplane
000546,deer
000547,cat
000548,deer
000549,automobile
000550,airplane
000551,airplane
000552,cat
000553,bird
000554,bird
000555,automobile
000556,automobile
000557,deer
000558,bird
000559,automobile
000560,bird
000561,automobile
000562,automobile
000563,automobile
000564,bird
000565,deer
000566,dog
000567,deer
000568,bird
000569,dog
000570,cat
000571,cat
000572,airplane
000573,airplane
000574,bird
000575,cat
000576,automobile
000577,deer
000578,automobile
000579,deer
000580,deer
000581,cat
000582,deer
000583,deer
000584,deer
000585,airplane
000586,automobile
000587,automobile
000588,cat
000589,cat
000590,automobile
000591,cat
000592,dog
000593,airplane
000594,cat
000595,automobile
000596,cat
000597,automobile
000598,deer
000599,airplane
000600,airplane
000601,bird
000602,dog
000603,cat
000604,bird
000605,bird
000606,bird
000607,dog
000608,deer
000609,automobile
000610,deer
000611,airplane
000612,cat
000613,dog
000614,airplane
000615,cat
000616,bird
000617,deer
000618,cat
000619,airplane
000620,automobile
000621,cat
000622,dog
000623,bird
000624,cat
000625,airplane
000626,automobile
000627,automobile
000628,airplane
000629,bird
000630,deer
000631,cat
000632,cat
000633,automobile
000634,cat
000635,cat
000636,bird
000637,deer
000638,bird
000639,airplane
000640,bird
000641,bird
000642,automobile
000643,cat
000644,airplane
000645,cat
000646,deer
000647,airplane
000648,bird
000649,automobile
000650,dog
000651,deer
000652,automobile
000653,bird
000654,airplane
000655,airplane
000656,airplane
000657,dog
000658,deer
000659,dog
000660,bird
000661,deer
000662,airplane
000663,bird
000664,airplane
000665,automobile
000666,cat
000667,dog
000668,airplane
000669,cat
000670,deer
000671,cat
000672,airplane
000673,cat
000674,automobile
000675,airplane
000676,airplane
000677,bird
000678,automobile
000679,cat
000680,airplane
000681,dog
000682,airplane
000683,dog
000684,automobile
000685,airplane
000686,cat
000687,airplane
000688,cat
000689,deer
000690,automobile
000691,cat
000692,cat
000693,bird
000694,bird
000695,automobile
000696,airplane
000697,deer
000698,deer
000699,cat
000700,cat
000701,cat
000702,automobile
000703,deer
000704,cat
000705,dog
000706,dog
000707,cat
000708,dog
000709,cat
000710,airplane
000711,automobile
000712,deer
000713,cat
000714,cat
000715,airplane
000716,cat
000717,airplane
000718,deer
000719,airplane
000720,cat
000721,automobile
000722,deer
000723,bird
000724,deer
000725,dog
000726,bird
000727,automobile
000728,deer
000729,automobile
000730,airplane
000731,bird
000732,automobile
000733,bird
000734,bird
000735,airplane
000736,bird
000737,dog
000738,deer
000739,cat
000740,airplane
000741,bird
000742,dog
000743,airplane
000744,automobile
000745,bird
000746,bird
000747,automobile
000748,airplane
000749,dog
000750,automobile
000751,automobile
000752,automobile
000753,automobile
000754,deer
000755,deer
000756,deer
000757,dog
000758,deer
000759,dog
000760,airplane
000761,dog
000762,bird
000763,airplane
000764,cat
000765,cat
000766,cat
000767,dog
000768,cat
000769,cat
000770,cat
000771,bird
000772,airplane
000773,deer
000774,cat
000775,airplane
000776,bird
000777,dog
000778,dog
000779,deer
000780,bird
000781,automobile
000782,bird
000783,automobile
000784,airplane
000785,airplane
000786,cat
000787,airplane
000788,bird
000789,automobile
000790,automobile
000791,cat
000792,dog
000793,airplane
000794,airplane
000795,airplane
000796,automobile
000797,cat
000798,airplane
000799,airplane
000800,automobile
000801,airplane
000802,automobile
000803,dog
000804,dog
000805,deer
000806,bird
000807,airplane
000808,airplane
000809,cat
000810,airplane
000811,airplane
000812,cat
000813,automobile
000814,deer
000815,automobile
000816,automobile
000817,cat
000818,cat
000819,automobile
000820,dog
000821,cat
000822,cat
000823,airplane
000824,cat
000825,airplane
000826,bird
000827,airplane
000828,cat
000829,bird
000830,airplane
000831,bird
000832,dog
000833,airplane
000834,cat
000835,cat
000836,deer
000837,bird
000838,bird
000839,deer
000840,cat
000841,cat
000842,airplane
000843,airplane
000844,deer
000845,bird
000846,bird
000847,deer
000848,cat
000849,bird
000850,airplane
000851,deer
000852,airplane
000853,cat
000854,airplane
000855,cat
000856,automobile
000857,deer
000858,cat
000859,automobile
000860,cat
000861,deer
000862,cat
000863,automobile
000864,airplane
000865,cat
000866,deer
000867,cat
000868,automobile
000869,airplane
000870,bird
000871,bird
000872,dog
000873,airplane
000874,deer
000875,dog
000876,automobile
000877,automobile
000878,bird
000879,automobile
000880,cat
000881,cat
000882,automobile
000883,cat
000884,deer
000885,cat
000886,automobile
000887,automobile
000888,deer
000889,automobile
000890,dog
000891,airplane
000892,bird
000893,cat
000894,deer
000895,cat
000896,automobile
000897,cat
000898,cat
000899,bird
000900,automobile
000901,airplane
000902,automobile
000903,automobile
000904,automobile
000905,airplane
000906,airplane
000907,airplane
000908,bird
000909,automobile
000910,deer
000911,cat
000912,cat
000913,bird
000914,dog
000915,bird
000916,dog
000917,deer
000918,deer
000919,bird
000920,bird
000921,deer
000922,dog
000923,automobile
000924,deer
000925,airplane
000926,automobile
000927,cat
000928,automobile
000929,dog
000930,automobile
000931,cat
000932,automobile
000933,cat
000934,airplane
000935,airplane
000936,bird
000937,automobile
000938,airplane
000939,bird
000940,deer
000941,airplane
000942,airplane
000943,bird
000944,bird
000945,airplane
000946,deer
000947,bird
000948,airplane
000949,cat
000950,automobile
000951,cat
000952,bird
000953,airplane
000954,cat
000955,dog
000956,cat
000957,airplane
000958,cat
000959,airplane
000960,automobile
000961,bird
000962,dog
000963,bird
000964,dog
000965,cat
000966,automobile
000967,airplane
000968,cat
000969,airplane
000970,cat
000971,bird
000972,automobile
000973,automobile
000974,airplane
000975,deer
000976,automobile
000977,automobile
000978,cat
000979,bird
000980,bird
000981,bird
000982,automobile
000983,airplane
000984,bird
000985,automobile
000986,bird
000987,deer
000988,airplane
000989,automobile
000990,cat
000991,airplane
000992,airplane
000993,airplane
000994,cat
000995,cat
000996,cat
000997,airplane
000998,cat
000999,automobile
001000,automobile
001001,airplane
001002,cat
001003,automobile
001004,cat
001005,bird
001006,automobile
001007,automobile
001008,deer
001009,automobile
001010,bird
001011,cat
001012,bird
001013,cat
001014,deer
001015,automobile
001016,airplane
001017,cat
001018,dog
001019,dog
001020,airplane
001021,dog
001022,airplane
001023,automobile
001024,dog
001025,bird
001026,cat
001027,cat
001028,bird
001029,bird
001030,cat
001031,airplane
001032,dog
001033,automobile
001034,cat
001035,deer
001036,automobile
001037,airplane
001038,deer
001039,bird
001040,airplane
001041,cat
001042,automobile
001043,bird
001044,automobile
001045,airplane
001046,dog
001047,deer
001048,automobile
001049,deer
001050,bird
001051,airplane
001052,cat
001053,dog
001054,automobile
001055,automobile
001056,cat
001057,cat
001058,airplane
001059,dog
001060,deer
001061,deer
001062,airplane
001063,cat
001064,cat
001065,cat
001066,automobile
001067,deer
001068,airplane
001069,automobile
001070,bird
001071,bird
001072,bird
001073,automobile
001074,automobile
001075,automobile
001076,bird
001077,cat
001078,cat
001079,cat
001080,automobile
001081,deer
001082,deer
001083,bird
001084,cat
001085,cat
001086,deer
001087,airplane
001088,cat
001089,automobile
001090,bird
001091,cat
001092,dog
001093,automobile
001094,deer
001095,cat
001096,airplane
001097,airplane
001098,deer
001099,airplane
001100,airplane
001101,airplane
001102,dog
001103,airplane
001104,cat
001105,dog
001106,automobile
001107,automobile
001108,airplane
001109,cat
001110,cat
001111,bird
001112,cat
001113,automobile
001114,bird
001115,deer
001116,cat
001117,dog
001118,automobile
001119,automobile
001120,airplane
001121,bird
001122,dog
001123,airplane
001124,bird
001125,cat
001126,airplane
001127,automobile
001128,cat
001129,automobile
001130,bird
001131,automobile
001132,airplane
001133,cat
001134,automobile
001135,airplane
001136,dog
001137,bird
001138,cat
001139,cat
001140,cat
001141,deer
001142,dog
001143,airplane
001144,deer
001145,cat
001146,cat
001147,bird
001148,airplane
001149,automobile
001150,dog
001151,dog
001152,cat
001153,automobile
001154,dog
001155,automobile
001156,cat
001157,deer
001158,airplane
001159,dog
001160,bird
001161,dog
001162,airplane
001163,dog
001164,deer
001165,bird
001166,automobile
001167,bird
001168,automobile
001169,automobile
001170,deer
001171,deer
001172,automobile
001173,automobile
001174,automobile
001175,automobile
001176,cat
001177,deer
001178,bird
001179,cat
001180,dog
001181,bird
001182,cat
001183,deer
001184,airplane
001185,cat
001186,cat
001187,bird
001188,deer
001189,bird
001190,cat
001191,airplane
001192,dog
001193,automobile
001194,deer
001195,cat
001196,automobile
001197,bird
001198,deer
001199,automobile
001200,cat
001201,airplane
001202,automobile
001203,automobile
001204,deer
001205,dog
001206,dog
001207,dog
001208,airplane
001209,cat
001210,airplane
001211,deer
001212,airplane
001213,bird
001214,deer
001215,bird
001216,automobile
001217,deer
001218,deer
001219,cat
001220,automobile
001221,deer
001222,cat
001223,airplane
001224,deer
001225,bird
001226,automobile
001227,airplane
001228,dog
001229,airplane
001230,deer
001231,dog
001232,dog
001233,deer
001234,deer
001235,automobile
001236,cat
001237,airplane
001238,automobile
001239,airplane
001240,automobile
001241,cat
001242,cat
001243,bird
001244,bird
001245,automobile
001246,automobile
001247,airplane
001248,bird
001249,airplane
001250,airplane
001251,cat
001252,deer
001253,airplane
001254,cat
001255,dog
001256,airplane
001257,bird
001258,cat
001259,airplane
001260,airplane
001261,airplane
001262,cat
001263,cat
001264,deer
001265,airplane
001266,cat
001267,bird
001268,bird
001269,airplane
001270,automobile
001271,airplane
001272,cat
001273,cat
001274,cat
001275,bird
001276,dog
001277,dog
001278,automobile
001279,dog
001280,automobile
001281,bird
001282,cat
001283,cat
001284,cat
001285,horse
001286,automobile
001287,dog
001288,deer
001289,automobile
001290,automobile
001291,cat
001292,deer
001293,cat
001294,automobile
001295,airplane
001296,cat
001297,automobile
001298,deer
001299,airplane
001300,automobile
001301,dog
001302,dog
001303,automobile
001304,cat
001305,bird
001306,bird
001307,airplane
001308,automobile
001309,airplane
001310,bird
001311,cat
001312,dog
001313,cat
001314,automobile
001315,cat
001316,airplane
001317,automobile
001318,horse
001319,cat
001320,airplane
001321,bird
001322,bird
001323,bird
001324,cat
001325,deer
001326,airplane
001327,cat
001328,cat
001329,dog
001330,automobile
001331,airplane
001332,cat
001333,automobile
001334,cat
001335,cat
001336,bird
001337,bird
001338,airplane
001339,deer
001340,cat
001341,cat
001342,deer
001343,automobile
001344,bird
001345,deer
001346,cat
001347,deer
001348,automobile
001349,bird
001350,bird
001351,airplane
001352,automobile
001353,automobile
001354,automobile
001355,cat
001356,airplane
001357,automobile
001358,automobile
001359,automobile
001360,automobile
001361,cat
001362,cat
001363,airplane
001364,bird
001365,bird
001366,bird
001367,deer
001368,deer
001369,airplane
001370,bird
001371,deer
001372,cat
001373,cat
001374,bird
001375,bird
001376,cat
001377,airplane
001378,airplane
001379,cat
001380,deer
001381,automobile
001382,cat
001383,bird
001384,deer
001385,airplane
001386,airplane
001387,deer
001388,cat
001389,deer
001390,automobile
001391,deer
001392,automobile
001393,automobile
001394,automobile
001395,deer
001396,dog
001397,deer
001398,airplane
001399,cat
001400,cat
001401,automobile
001402,airplane
001403,airplane
001404,cat
001405,bird
001406,automobile
001407,cat
001408,airplane
001409,airplane
001410,automobile
001411,airplane
001412,cat
001413,automobile
001414,bird
001415,dog
001416,bird
001417,airplane
001418,cat
001419,airplane
001420,cat
001421,airplane
001422,bird
001423,automobile
001424,cat
001425,deer
001426,automobile
001427,deer
001428,airplane
001429,automobile
001430,automobile
001431,bird
001432,cat
001433,deer
001434,dog
001435,automobile
001436,bird
001437,bird
001438,cat
001439,airplane
001440,automobile
001441,bird
001442,cat
001443,airplane
001444,automobile
001445,automobile
001446,automobile
001447,airplane
001448,automobile
001449,airplane
001450,bird
001451,airplane
001452,bird
001453,bird
001454,bird
001455,deer
001456,dog
001457,deer
001458,cat
001459,airplane
001460,horse
001461,dog
001462,automobile
001463,deer
001464,airplane
001465,airplane
001466,airplane
001467,automobile
001468,deer
001469,deer
001470,airplane
001471,bird
001472,automobile
001473,automobile
001474,airplane
001475,automobile
001476,cat
001477,deer
001478,automobile
001479,cat
001480,airplane
001481,bird
001482,airplane
001483,bird
001484,dog
001485,dog
001486,cat
001487,cat
001488,cat
001489,dog
001490,airplane
001491,airplane
001492,airplane
001493,cat
001494,cat
001495,dog
001496,automobile
001497,bird
001498,bird
001499,bird
001500,dog
001501,automobile
001502,airplane
001503,automobile
001504,airplane
001505,cat
001506,deer
001507,cat
001508,deer
001509,automobile
001510,cat
001511,bird
001512,airplane
001513,cat
001514,bird
001515,automobile
001516,deer
001517,airplane
001518,automobile
001519,bird
001520,deer
001521,airplane
001522,deer
001523,cat
001524,automobile
001525,bird
001526,dog
001527,cat
001528,bird
001529,deer
001530,dog
001531,automobile
001532,bird
001533,cat
001534,cat
001535,bird
001536,deer
001537,bird
001538,bird
001539,automobile
001540,bird
001541,bird
001542,automobile
001543,cat
001544,bird
001545,bird
001546,deer
001547,cat
001548,cat
001549,automobile
001550,dog
001551,cat
001552,deer
001553,deer
001554,cat
001555,automobile
001556,automobile
001557,bird
001558,automobile
001559,automobile
001560,automobile
001561,automobile
001562,deer
001563,automobile
001564,bird
001565,airplane
001566,deer
001567,bird
001568,automobile
001569,airplane
001570,cat
001571,automobile
001572,automobile
001573,automobile
001574,deer
001575,airplane
001576,bird
001577,cat
001578,bird
001579,deer
001580,automobile
001581,automobile
001582,cat
001583,bird
001584,dog
001585,deer
001586,dog
001587,bird
001588,automobile
001589,cat
001590,dog
001591,automobile
001592,automobile
001593,airplane
001594,bird
001595,automobile
001596,airplane
001597,bird
001598,automobile
001599,automobile
001600,cat
001601,bird
001602,automobile
001603,cat
001604,bird
001605,automobile
001606,cat
001607,cat
001608,automobile
001609,automobile
001610,bird
001611,deer
001612,automobile
001613,automobile
001614,dog
001615,automobile
001616,cat
001617,automobile
001618,automobile
001619,deer
001620,dog
001621,automobile
001622,cat
001623,deer
001624,bird
001625,deer
001626,bird
001627,airplane
001628,deer
001629,deer
001630,deer
001631,bird
001632,airplane
001633,bird
001634,automobile
001635,airplane
001636,cat
001637,airplane
001638,automobile
001639,automobile
001640,cat
001641,airplane
001642,deer
001643,bird
001644,airplane
001645,bird
001646,airplane
001647,airplane
001648,cat
001649,cat
001650,airplane
001651,cat
001652,automobile
001653,deer
001654,dog
001655,bird
001656,airplane
001657,airplane
001658,deer
001659,cat
001660,bird
001661,automobile
001662,dog
001663,cat
001664,cat
001665,dog
001666,automobile
001667,airplane
001668,deer
001669,deer
001670,cat
001671,dog
001672,cat
001673,airplane
001674,automobile
001675,airplane
001676,bird
001677,deer
001678,cat
001679,cat
001680,automobile
001681,deer
001682,cat
001683,cat
001684,cat
001685,deer
001686,automobile
001687,deer
001688,cat
001689,deer
001690,dog
001691,cat
001692,automobile
001693,deer
001694,cat
001695,deer
001696,airplane
001697,bird
001698,bird
001699,cat
001700,cat
001701,automobile
001702,airplane
001703,airplane
001704,bird
001705,automobile
001706,cat
001707,cat
001708,automobile
001709,automobile
001710,airplane
001711,airplane
001712,bird
001713,bird
001714,cat
001715,airplane
001716,airplane
001717,cat
001718,bird
001719,deer
001720,automobile
001721,airplane
001722,cat
001723,bird
001724,cat
001725,cat
001726,airplane
001727,dog
001728,bird
001729,bird
001730,automobile
001731,automobile
001732,dog
001733,automobile
001734,airplane
001735,deer
001736,automobile
001737,deer
001738,cat
001739,airplane
001740,bird
001741,automobile
001742,cat
001743,airplane
001744,bird
001745,automobile
001746,bird
001747,automobile
001748,airplane
001749,deer
001750,cat
001751,bird
001752,deer
001753,deer
001754,airplane
001755,airplane
001756,automobile
001757,airplane
001758,bird
001759,dog
001760,dog
001761,airplane
001762,cat
001763,bird
001764,bird
001765,cat
001766,dog
001767,dog
001768,airplane
001769,airplane
001770,cat
001771,cat
001772,deer
001773,bird
001774,bird
001775,cat
001776,deer
001777,automobile
001778,cat
001779,cat
001780,bird
001781,cat
001782,airplane
001783,automobile
001784,deer
001785,dog
001786,deer
001787,cat
001788,automobile
001789,cat
001790,automobile
001791,automobile
001792,automobile
001793,airplane
001794,bird
001795,deer
001796,cat
001797,cat
001798,cat
001799,airplane
001800,bird
001801,dog
001802,automobile
001803,cat
001804,cat
001805,deer
001806,bird
001807,dog
001808,automobile
001809,cat
001810,deer
001811,cat
001812,airplane
001813,cat
001814,dog
001815,bird
001816,deer
001817,automobile
001818,cat
001819,cat
001820,airplane
001821,cat
001822,cat
001823,dog
001824,automobile
001825,cat
001826,dog
001827,airplane
001828,cat
001829,airplane
001830,airplane
001831,airplane
001832,automobile
001833,cat
001834,airplane
001835,bird
001836,dog
001837,automobile
001838,deer
001839,automobile
001840,cat
001841,dog
001842,dog
001843,automobile
001844,deer
001845,cat
001846,bird
001847,cat
001848,airplane
001849,bird
001850,automobile
001851,automobile
001852,bird
001853,automobile
001854,deer
001855,deer
001856,automobile
001857,automobile
001858,cat
001859,deer
001860,dog
001861,automobile
001862,bird
001863,automobile
001864,bird
001865,bird
001866,airplane
001867,automobile
001868,cat
001869,automobile
001870,airplane
001871,deer
001872,airplane
001873,airplane
001874,cat
001875,airplane
001876,bird
001877,airplane
001878,airplane
001879,automobile
001880,automobile
001881,automobile
001882,cat
001883,automobile
001884,cat
001885,airplane
001886,airplane
001887,airplane
001888,automobile
001889,airplane
001890,automobile
001891,automobile
001892,dog
001893,airplane
001894,deer
001895,airplane
001896,deer
001897,automobile
001898,deer
001899,cat
001900,airplane
001901,airplane
001902,cat
001903,automobile
001904,cat
001905,automobile
001906,dog
001907,automobile
001908,cat
001909,airplane
001910,automobile
001911,bird
001912,cat
001913,automobile
001914,automobile
001915,cat
001916,bird
001917,airplane
001918,airplane
001919,automobile
001920,deer
001921,dog
001922,bird
001923,deer
001924,cat
001925,airplane
001926,airplane
001927,cat
001928,deer
001929,cat
001930,automobile
001931,airplane
001932,automobile
001933,cat
001934,bird
001935,deer
001936,bird
001937,bird
001938,deer
001939,airplane
001940,cat
001941,cat
001942,automobile
001943,automobile
001944,deer
001945,automobile
001946,bird
001947,automobile
001948,deer
001949,airplane
001950,automobile
001951,deer
001952,automobile
001953,automobile
001954,cat
001955,airplane
001956,cat
001957,bird
001958,dog
001959,airplane
001960,automobile
001961,cat
001962,deer
001963,cat
001964,deer
001965,bird
001966,cat
001967,airplane
001968,dog
001969,cat
001970,bird
001971,deer
001972,cat
001973,airplane
001974,bird
001975,automobile
001976,bird
001977,automobile
001978,cat
001979,automobile
001980,cat
001981,cat
001982,cat
001983,automobile
001984,automobile
001985,deer
001986,cat
001987,cat
001988,dog
001989,airplane
001990,deer
001991,deer
001992,cat
001993,cat
001994,automobile
001995,airplane
001996,cat
001997,automobile
001998,cat
001999,deer
002000,airplane
002001,cat
002002,dog
002003,dog
002004,bird
002005,airplane
002006,bird
002007,deer
002008,automobile
002009,deer
002010,airplane
002011,bird
002012,airplane
002013,bird
002014,airplane
002015,automobile
002016,automobile
002017,deer
002018,deer
002019,airplane
002020,automobile
002021,airplane
002022,deer
002023,airplane
002024,bird
002025,automobile
002026,cat
002027,cat
002028,cat
002029,airplane
002030,airplane
002031,cat
002032,cat
002033,airplane
002034,dog
002035,cat
002036,cat
002037,airplane
002038,cat
002039,automobile
002040,airplane
002041,automobile
002042,dog
002043,cat
002044,cat
002045,airplane
002046,automobile
002047,dog
002048,automobile
002049,cat
002050,cat
002051,cat
002052,dog
002053,airplane
002054,airplane
002055,automobile
002056,airplane
002057,automobile
002058,bird
002059,automobile
002060,airplane
002061,airplane
002062,deer
002063,dog
002064,automobile
002065,bird
002066,automobile
002067,bird
002068,dog
002069,automobile
002070,cat
002071,automobile
002072,dog
002073,automobile
002074,deer
002075,automobile
002076,cat
002077,deer
002078,deer
002079,cat
002080,automobile
002081,automobile
002082,airplane
002083,cat
002084,airplane
002085,airplane
002086,bird
002087,deer
002088,automobile
002089,automobile
002090,automobile
002091,airplane
002092,automobile
002093,airplane
002094,dog
002095,automobile
002096,dog
002097,airplane
002098,cat
002099,automobile
002100,cat
002101,automobile
002102,cat
002103,airplane
002104,cat
002105,airplane
002106,cat
002107,cat
002108,airplane
002109,automobile
002110,dog
002111,cat
002112,automobile
002113,dog
002114,bird
002115,deer
002116,airplane
002117,cat
002118,dog
002119,automobile
002120,automobile
002121,dog
002122,dog
002123,deer
002124,bird
002125,horse
002126,bird
002127,dog
002128,bird
002129,automobile
002130,automobile
002131,cat
002132,cat
002133,airplane
002134,automobile
002135,deer
002136,deer
002137,bird
002138,deer
002139,bird
002140,automobile
002141,airplane
002142,bird
002143,bird
002144,bird
002145,airplane
002146,airplane
002147,airplane
002148,bird
002149,dog
002150,cat
002151,airplane
002152,airplane
002153,cat
002154,airplane
002155,bird
002156,cat
002157,airplane
002158,automobile
002159,automobile
002160,airplane
002161,cat
002162,bird
002163,cat
002164,automobile
002165,automobile
002166,deer
002167,deer
002168,cat
002169,cat
002170,cat
002171,automobile
002172,cat
002173,airplane
002174,airplane
002175,automobile
002176,deer
002177,automobile
002178,dog
002179,deer
002180,cat
002181,cat
002182,automobile
002183,automobile
002184,deer
002185,deer
002186,bird
002187,dog
002188,cat
002189,bird
002190,automobile
002191,cat
002192,cat
002193,automobile
002194,bird
002195,cat
002196,airplane
002197,dog
002198,deer
002199,bird
002200,airplane
002201,dog
002202,airplane
002203,bird
002204,bird
002205,bird
002206,automobile
002207,bird
002208,dog
002209,airplane
002210,bird
002211,airplane
002212,airplane
002213,automobile
002214,automobile
002215,automobile
002216,airplane
002217,automobile
002218,automobile
002219,dog
002220,automobile
002221,bird
002222,deer
002223,cat
002224,automobile
002225,cat
002226,dog
002227,automobile
002228,cat
002229,airplane
002230,dog
002231,automobile
002232,deer
002233,horse
002234,bird
002235,automobile
002236,bird
002237,cat
002238,cat
002239,dog
002240,dog
002241,automobile
002242,airplane
002243,airplane
002244,dog
002245,automobile
002246,deer
002247,cat
002248,bird
002249,cat
002250,deer
002251,deer
002252,deer
002253,dog
002254,airplane
002255,bird
002256,airplane
002257,deer
002258,cat
002259,airplane
002260,bird
002261,airplane
002262,deer
002263,bird
002264,automobile
002265,automobile
002266,bird
002267,automobile
002268,cat
002269,bird
002270,deer
002271,deer
002272,bird
002273,automobile
002274,bird
002275,cat
002276,automobile
002277,cat
002278,airplane
002279,bird
002280,airplane
002281,bird
002282,cat
002283,deer
002284,bird
002285,airplane
002286,automobile
002287,cat
002288,deer
002289,bird
002290,bird
002291,cat
002292,cat
002293,bird
002294,airplane
002295,bird
002296,dog
002297,airplane
002298,automobile
002299,cat
002300,cat
002301,bird
002302,airplane
002303,automobile
002304,airplane
002305,airplane
002306,cat
002307,airplane
002308,deer
002309,automobile
002310,dog
002311,deer
002312,airplane
002313,bird
002314,automobile
002315,cat
002316,bird
002317,airplane
002318,bird
002319,automobile
002320,airplane
002321,airplane
002322,airplane
002323,deer
002324,airplane
002325,dog
002326,cat
002327,cat
002328,cat
002329,airplane
002330,airplane
002331,deer
002332,automobile
002333,automobile
002334,airplane
002335,deer
002336,airplane
002337,bird
002338,bird
002339,airplane
002340,deer
002341,dog
002342,deer
002343,cat
002344,automobile
002345,automobile
002346,automobile
002347,bird
002348,automobile
002349,cat
002350,airplane
002351,dog
002352,dog
002353,automobile
002354,automobile
002355,bird
002356,airplane
002357,automobile
002358,bird
002359,automobile
002360,automobile
002361,airplane
002362,airplane
002363,cat
002364,dog
002365,deer
002366,dog
002367,airplane
002368,airplane
002369,automobile
002370,cat
002371,deer
002372,automobile
002373,deer
002374,bird
002375,deer
002376,bird
002377,dog
002378,airplane
002379,automobile
002380,bird
002381,dog
002382,bird
002383,cat
002384,deer
002385,airplane
002386,airplane
002387,airplane
002388,bird
002389,deer
002390,bird
002391,automobile
002392,automobile
002393,cat
002394,airplane
002395,deer
002396,airplane
002397,automobile
002398,cat
002399,dog
002400,automobile
002401,cat
002402,deer
002403,deer
002404,cat
002405,automobile
002406,bird
002407,airplane
002408,automobile
002409,airplane
002410,automobile
002411,bird
002412,deer
002413,cat
002414,dog
002415,airplane
002416,airplane
002417,automobile
002418,airplane
002419,bird
002420,automobile
002421,deer
002422,dog
002423,airplane
002424,airplane
002425,automobile
002426,cat
002427,dog
002428,bird
002429,bird
002430,deer
002431,automobile
002432,cat
002433,bird
002434,deer
002435,dog
002436,dog
002437,automobile
002438,airplane
002439,dog
002440,bird
002441,airplane
002442,bird
002443,deer
002444,cat
002445,airplane
002446,airplane
002447,bird
002448,airplane
002449,deer
002450,dog
002451,automobile
002452,dog
002453,cat
002454,airplane
002455,deer
002456,cat
002457,deer
002458,cat
002459,airplane
002460,airplane
002461,airplane
002462,airplane
002463,automobile
002464,bird
002465,automobile
002466,airplane
002467,cat
002468,airplane
002469,airplane
002470,airplane
002471,deer
002472,deer
002473,automobile
002474,automobile
002475,deer
002476,automobile
002477,bird
002478,cat
002479,cat
002480,automobile
002481,automobile
002482,automobile
002483,dog
002484,airplane
002485,airplane
002486,cat
002487,automobile
002488,automobile
002489,deer
002490,airplane
002491,airplane
002492,bird
002493,deer
002494,airplane
002495,airplane
002496,cat
002497,deer
002498,cat
002499,cat
002500,dog
002501,cat
002502,airplane
002503,dog
002504,airplane
002505,dog
002506,deer
002507,automobile
002508,dog
002509,dog
002510,cat
002511,automobile
002512,deer
002513,dog
002514,bird
002515,deer
002516,cat
002517,automobile
002518,airplane
002519,airplane
002520,dog
002521,cat
002522,cat
002523,cat
002524,airplane
002525,automobile
002526,automobile
002527,cat
002528,automobile
002529,automobile
002530,airplane
002531,dog
002532,cat
002533,deer
002534,deer
002535,automobile
002536,cat
002537,automobile
002538,automobile
002539,automobile
002540,automobile
002541,cat
002542,automobile
002543,cat
002544,deer
002545,cat
002546,cat
002547,airplane
002548,bird
002549,cat
002550,dog
002551,airplane
002552,cat
002553,dog
002554,automobile
002555,automobile
002556,dog
002557,airplane
002558,airplane
002559,automobile
002560,cat
002561,bird
002562,airplane
002563,dog
002564,cat
002565,airplane
002566,bird
002567,airplane
002568,airplane
002569,automobile
002570,automobile
002571,automobile
002572,dog
002573,cat
002574,deer
002575,airplane
002576,cat
002577,airplane
002578,airplane
002579,airplane
002580,bird
002581,deer
002582,deer
002583,deer
002584,automobile
002585,bird
002586,dog
002587,automobile
002588,airplane
002589,automobile
002590,airplane
002591,airplane
002592,cat
002593,automobile
002594,bird
002595,airplane
002596,deer
002597,dog
002598,airplane
002599,deer
002600,cat
002601,airplane
002602,deer
002603,deer
002604,automobile
002605,cat
002606,cat
002607,airplane
002608,bird
002609,bird
002610,deer
002611,airplane
002612,automobile
002613,automobile
002614,airplane
002615,cat
002616,cat
002617,cat
002618,automobile
002619,cat
002620,deer
002621,bird
002622,automobile
002623,bird
002624,cat
002625,bird
002626,airplane
002627,cat
002628,deer
002629,bird
002630,cat
002631,cat
002632,automobile
002633,cat
002634,airplane
002635,automobile
002636,bird
002637,cat
002638,cat
002639,dog
002640,automobile
002641,airplane
002642,airplane
002643,cat
002644,bird
002645,automobile
002646,bird
002647,bird
002648,dog
002649,bird
002650,deer
002651,automobile
002652,automobile
002653,airplane
002654,bird
002655,cat
002656,cat
002657,bird
002658,automobile
002659,cat
002660,automobile
002661,cat
002662,deer
002663,airplane
002664,cat
002665,bird
002666,bird
002667,deer
002668,cat
002669,automobile
002670,cat
002671,automobile
002672,automobile
002673,automobile
002674,bird
002675,automobile
002676,deer
002677,bird
002678,cat
002679,airplane
002680,airplane
002681,airplane
002682,automobile
002683,airplane
002684,deer
002685,cat
002686,dog
002687,cat
002688,bird
002689,bird
002690,deer
002691,cat
002692,deer
002693,dog
002694,deer
002695,bird
002696,automobile
002697,dog
002698,bird
002699,airplane
002700,cat
002701,deer
002702,bird
002703,dog
002704,deer
002705,automobile
002706,automobile
002707,airplane
002708,airplane
002709,bird
002710,dog
002711,cat
002712,airplane
002713,bird
002714,automobile
002715,automobile
002716,cat
002717,automobile
002718,cat
002719,bird
002720,airplane
002721,airplane
002722,airplane
002723,cat
002724,dog
002725,dog
002726,cat
002727,airplane
002728,airplane
002729,deer
002730,deer
002731,cat
002732,automobile
002733,cat
002734,cat
002735,airplane
002736,automobile
002737,bird
002738,bird
002739,cat
002740,bird
002741,airplane
002742,airplane
002743,bird
002744,airplane
002745,automobile
002746,deer
002747,airplane
002748,bird
002749,deer
002750,airplane
002751,dog
002752,cat
002753,bird
002754,dog
002755,bird
002756,deer
002757,bird
002758,automobile
002759,cat
002760,airplane
002761,automobile
002762,cat
002763,cat
002764,bird
002765,automobile
002766,bird
002767,deer
002768,bird
002769,automobile
002770,airplane
002771,cat
002772,bird
002773,airplane
002774,deer
002775,automobile
002776,airplane
002777,bird
002778,dog
002779,cat
002780,automobile
002781,bird
002782,automobile
002783,dog
002784,airplane
002785,airplane
002786,automobile
002787,cat
002788,dog
002789,deer
002790,cat
002791,deer
002792,dog
002793,cat
002794,bird
002795,automobile
002796,automobile
002797,automobile
002798,deer
002799,airplane
002800,deer
002801,automobile
002802,deer
002803,dog
002804,dog
002805,dog
002806,bird
002807,dog
002808,bird
002809,airplane
002810,deer
002811,cat
002812,cat
002813,airplane
002814,deer
002815,airplane
002816,dog
002817,airplane
002818,cat
002819,dog
002820,cat
002821,airplane
002822,dog
002823,deer
002824,bird
002825,automobile
002826,dog
002827,cat
002828,airplane
002829,cat
002830,dog
002831,airplane
002832,dog
002833,bird
002834,automobile
002835,automobile
002836,airplane
002837,automobile
002838,automobile
002839,deer
002840,cat
002841,bird
002842,cat
002843,airplane
002844,airplane
002845,airplane
002846,airplane
002847,airplane
002848,deer
002849,cat
002850,automobile
002851,deer
002852,automobile
002853,cat
002854,automobile
002855,cat
002856,horse
002857,airplane
002858,automobile
002859,automobile
002860,automobile
002861,airplane
002862,cat
002863,airplane
002864,automobile
002865,airplane
002866,bird
002867,deer
002868,automobile
002869,bird
002870,deer
002871,bird
002872,airplane
002873,deer
002874,bird
002875,airplane
002876,bird
002877,airplane
002878,bird
002879,cat
002880,deer
002881,airplane
002882,dog
002883,cat
002884,automobile
002885,airplane
002886,bird
002887,cat
002888,dog
002889,airplane
002890,dog
002891,automobile
002892,airplane
002893,deer
002894,deer
002895,cat
002896,cat
002897,cat
002898,deer
002899,airplane
002900,bird
002901,dog
002902,cat
002903,airplane
002904,deer
002905,cat
002906,bird
002907,automobile
002908,airplane
002909,dog
002910,cat
002911,bird
002912,dog
002913,bird
002914,automobile
002915,airplane
002916,deer
002917,airplane
002918,bird
002919,bird
002920,dog
002921,deer
002922,deer
002923,automobile
002924,automobile
002925,cat
002926,cat
002927,bird
002928,deer
002929,automobile
002930,automobile
002931,airplane
002932,bird
002933,bird
002934,automobile
002935,dog
002936,deer
002937,cat
002938,airplane
002939,dog
002940,airplane
002941,deer
002942,airplane
002943,automobile
002944,airplane
002945,cat
002946,dog
002947,cat
002948,automobile
002949,automobile
002950,horse
002951,cat
002952,deer
002953,automobile
002954,cat
002955,automobile
002956,airplane
002957,automobile
002958,bird
002959,automobile
002960,deer
002961,bird
002962,airplane
002963,cat
002964,cat
002965,dog
002966,deer
002967,airplane
002968,bird
002969,bird
002970,cat
002971,deer
002972,airplane
002973,bird
002974,bird
002975,dog
002976,airplane
002977,cat
002978,cat
002979,dog
002980,cat
002981,cat
002982,airplane
002983,cat
002984,airplane
002985,cat
002986,automobile
002987,airplane
002988,airplane
002989,deer
002990,automobile
002991,cat
002992,bird
002993,dog
002994,airplane
002995,deer
002996,airplane
002997,bird
002998,automobile
002999,airplane
003000,automobile
003001,automobile
003002,automobile
003003,airplane
003004,deer
003005,airplane
003006,bird
003007,dog
003008,cat
003009,cat
003010,cat
003011,airplane
003012,automobile
003013,cat
003014,cat
003015,bird
003016,bird
003017,automobile
003018,bird
003019,bird
003020,airplane
003021,dog
003022,automobile
003023,deer
003024,deer
003025,deer
003026,cat
003027,automobile
003028,dog
003029,automobile
003030,airplane
003031,airplane
003032,automobile
003033,dog
003034,cat
003035,cat
003036,automobile
003037,dog
003038,airplane
003039,dog
003040,deer
003041,airplane
003042,cat
003043,airplane
003044,bird
003045,airplane
003046,automobile
003047,airplane
003048,deer
003049,airplane
003050,deer
003051,deer
003052,dog
003053,automobile
003054,automobile
003055,deer
003056,bird
003057,automobile
003058,cat
003059,airplane
003060,bird
003061,bird
003062,deer
003063,cat
003064,deer
003065,cat
003066,deer
003067,dog
003068,automobile
003069,airplane
003070,cat
003071,dog
003072,dog
003073,automobile
003074,cat
003075,cat
003076,dog
003077,automobile
003078,airplane
003079,bird
003080,dog
003081,deer
003082,cat
003083,deer
003084,airplane
003085,bird
003086,cat
003087,dog
003088,automobile
003089,airplane
003090,airplane
003091,cat
003092,dog
003093,dog
003094,airplane
003095,cat
003096,airplane
003097,cat
003098,automobile
003099,dog
003100,dog
003101,bird
003102,deer
003103,dog
003104,cat
003105,automobile
003106,cat
003107,deer
003108,cat
003109,automobile
003110,automobile
003111,bird
003112,automobile
003113,dog
003114,automobile
003115,airplane
003116,automobile
003117,automobile
003118,dog
003119,airplane
003120,automobile
003121,cat
003122,cat
003123,automobile
003124,bird
003125,automobile
003126,dog
003127,airplane
003128,deer
003129,airplane
003130,airplane
003131,deer
003132,dog
003133,dog
003134,deer
003135,airplane
003136,automobile
003137,cat
003138,bird
003139,airplane
003140,bird
003141,dog
003142,bird
003143,cat
003144,cat
003145,airplane
003146,automobile
003147,airplane
003148,airplane
003149,cat
003150,bird
003151,dog
003152,bird
003153,dog
003154,airplane
003155,cat
003156,deer
003157,cat
003158,automobile
003159,automobile
003160,deer
003161,bird
003162,bird
003163,automobile
003164,cat
003165,deer
003166,deer
003167,automobile
003168,dog
003169,cat
003170,bird
003171,automobile
003172,airplane
003173,bird
003174,deer
003175,cat
003176,deer
003177,cat
003178,deer
003179,deer
003180,airplane
003181,bird
003182,cat
003183,airplane
003184,automobile
003185,deer
003186,bird
003187,deer
003188,cat
003189,airplane
003190,bird
003191,dog
003192,bird
003193,bird
003194,automobile
003195,deer
003196,cat
003197,bird
003198,cat
003199,automobile
003200,automobile
003201,bird
003202,airplane
003203,airplane
003204,automobile
003205,deer
003206,automobile
003207,dog
003208,airplane
003209,airplane
003210,airplane
003211,deer
003212,airplane
003213,bird
003214,deer
003215,deer
003216,cat
003217,automobile
003218,cat
003219,airplane
003220,cat
003221,automobile
003222,deer
003223,automobile
003224,bird
003225,cat
003226,airplane
003227,dog
003228,cat
003229,automobile
003230,deer
003231,bird
003232,cat
003233,cat
003234,dog
003235,automobile
003236,airplane
003237,cat
003238,airplane
003239,cat
003240,deer
003241,deer
003242,bird
003243,automobile
003244,automobile
003245,cat
003246,dog
003247,automobile
003248,airplane
003249,deer
003250,automobile
003251,deer
003252,automobile
003253,dog
003254,cat
003255,deer
003256,deer
003257,cat
003258,automobile
003259,cat
003260,cat
003261,deer
003262,bird
003263,bird
003264,cat
003265,bird
003266,cat
003267,automobile
003268,airplane
003269,cat
003270,deer
003271,cat
003272,airplane
003273,cat
003274,airplane
003275,airplane
003276,deer
003277,automobile
003278,deer
003279,dog
003280,bird
003281,cat
003282,deer
003283,dog
003284,deer
003285,automobile
003286,bird
003287,bird
003288,cat
003289,cat
003290,cat
003291,dog
003292,bird
003293,deer
003294,automobile
003295,deer
003296,cat
003297,deer
003298,automobile
003299,cat
003300,airplane
003301,dog
003302,bird
003303,bird
003304,airplane
003305,cat
003306,airplane
003307,cat
003308,automobile
003309,dog
003310,airplane
003311,deer
003312,airplane
003313,cat
003314,airplane
003315,airplane
003316,cat
003317,automobile
003318,cat
003319,bird
003320,dog
003321,cat
003322,airplane
003323,cat
003324,bird
003325,cat
003326,deer
003327,airplane
003328,dog
003329,cat
003330,cat
003331,deer
003332,bird
003333,bird
003334,dog
003335,deer
003336,dog
003337,deer
003338,cat
003339,airplane
003340,automobile
003341,automobile
003342,automobile
003343,automobile
003344,airplane
003345,deer
003346,airplane
003347,dog
003348,airplane
003349,deer
003350,deer
003351,dog
003352,deer
003353,automobile
003354,deer
003355,cat
003356,deer
003357,dog
003358,airplane
003359,airplane
003360,airplane
003361,deer
003362,automobile
003363,cat
003364,automobile
003365,automobile
003366,automobile
003367,cat
003368,automobile
003369,deer
003370,airplane
003371,airplane
003372,cat
003373,cat
003374,automobile
003375,bird
003376,cat
003377,dog
003378,dog
003379,dog
003380,airplane
003381,cat
003382,automobile
003383,bird
003384,automobile
003385,automobile
003386,cat
003387,horse
003388,automobile
003389,deer
003390,automobile
003391,cat
003392,deer
003393,dog
003394,bird
003395,bird
003396,automobile
003397,automobile
003398,airplane
003399,airplane
003400,cat
003401,automobile
003402,deer
003403,bird
003404,bird
003405,bird
003406,airplane
003407,cat
003408,cat
003409,airplane
003410,automobile
003411,deer
003412,automobile
003413,airplane
003414,automobile
003415,bird
003416,airplane
003417,cat
003418,cat
003419,dog
003420,deer
003421,cat
003422,cat
003423,bird
003424,deer
003425,bird
003426,airplane
003427,automobile
003428,bird
003429,bird
003430,automobile
003431,cat
003432,cat
003433,airplane
003434,airplane
003435,cat
003436,deer
003437,dog
003438,bird
003439,airplane
003440,cat
003441,automobile
003442,airplane
003443,cat
003444,bird
003445,airplane
003446,bird
003447,deer
003448,cat
003449,cat
003450,airplane
003451,cat
003452,automobile
003453,airplane
003454,cat
003455,automobile
003456,airplane
003457,cat
003458,bird
003459,airplane
003460,airplane
003461,bird
003462,deer
003463,airplane
003464,automobile
003465,deer
003466,deer
003467,cat
003468,cat
003469,bird
003470,bird
003471,deer
003472,cat
003473,cat
003474,cat
003475,automobile
003476,bird
003477,automobile
003478,cat
003479,dog
003480,airplane
003481,dog
003482,airplane
003483,bird
003484,deer
003485,cat
003486,automobile
003487,cat
003488,airplane
003489,bird
003490,automobile
003491,automobile
003492,automobile
003493,airplane
003494,dog
003495,deer
003496,dog
003497,automobile
003498,bird
003499,deer
003500,bird
003501,automobile
003502,horse
003503,bird
003504,automobile
003505,bird
003506,automobile
003507,cat
003508,bird
003509,deer
003510,bird
003511,cat
003512,deer
003513,airplane
003514,dog
003515,dog
003516,bird
003517,automobile
003518,automobile
003519,airplane
003520,airplane
003521,bird
003522,airplane
003523,cat
003524,cat
003525,automobile
003526,bird
003527,dog
003528,dog
003529,airplane
003530,automobile
003531,deer
003532,bird
003533,dog
003534,cat
003535,airplane
003536,airplane
003537,cat
003538,bird
003539,deer
003540,cat
003541,airplane
003542,deer
003543,cat
003544,cat
003545,automobile
003546,deer
003547,cat
003548,cat
003549,cat
003550,airplane
003551,cat
003552,cat
003553,automobile
003554,deer
003555,deer
003556,cat
003557,airplane
003558,cat
003559,automobile
003560,dog
003561,bird
003562,cat
003563,cat
003564,cat
003565,bird
003566,bird
003567,cat
003568,horse
003569,airplane
003570,airplane
003571,bird
003572,cat
003573,bird
003574,deer
003575,airplane
003576,bird
003577,automobile
003578,deer
003579,deer
003580,cat
003581,dog
003582,cat
003583,airplane
003584,cat
003585,deer
003586,bird
003587,airplane
003588,bird
003589,airplane
003590,airplane
003591,airplane
003592,cat
003593,automobile
003594,airplane
003595,automobile
003596,airplane
003597,deer
003598,airplane
003599,cat
003600,airplane
003601,bird
003602,automobile
003603,cat
003604,automobile
003605,deer
003606,airplane
003607,cat
003608,bird
003609,deer
003610,cat
003611,airplane
003612,cat
003613,bird
003614,dog
003615,automobile
003616,dog
003617,dog
003618,bird
003619,airplane
003620,deer
003621,automobile
003622,deer
003623,bird
003624,dog
003625,bird
003626,airplane
003627,automobile
003628,airplane
003629,bird
003630,dog
003631,deer
003632,cat
003633,dog
003634,automobile
003635,automobile
003636,cat
003637,bird
003638,automobile
003639,automobile
003640,cat
003641,airplane
003642,airplane
003643,cat
003644,cat
003645,cat
003646,bird
003647,airplane
003648,cat
003649,automobile
003650,cat
003651,bird
003652,airplane
003653,bird
003654,automobile
003655,bird
003656,deer
003657,cat
003658,cat
003659,airplane
003660,airplane
003661,dog
003662,bird
003663,bird
003664,bird
003665,automobile
003666,dog
003667,dog
003668,automobile
003669,airplane
003670,cat
003671,cat
003672,automobile
003673,airplane
003674,airplane
003675,bird
003676,automobile
003677,dog
003678,bird
003679,airplane
003680,automobile
003681,deer
003682,dog
003683,airplane
003684,bird
003685,cat
003686,cat
003687,cat
003688,cat
003689,deer
003690,airplane
003691,bird
003692,cat
003693,automobile
003694,bird
003695,bird
003696,airplane
003697,cat
003698,cat
003699,cat
003700,dog
003701,airplane
003702,horse
003703,automobile
003704,automobile
003705,dog
003706,airplane
003707,airplane
003708,dog
003709,cat
003710,airplane
003711,airplane
003712,dog
003713,bird
003714,airplane
003715,automobile
003716,cat
003717,bird
003718,automobile
003719,bird
003720,bird
003721,bird
003722,cat
003723,automobile
003724,airplane
003725,dog
003726,airplane
003727,deer
003728,automobile
003729,airplane
003730,deer
003731,airplane
003732,automobile
003733,deer
003734,automobile
003735,airplane
003736,airplane
003737,automobile
003738,automobile
003739,automobile
003740,deer
003741,cat
003742,deer
003743,dog
003744,dog
003745,cat
003746,cat
003747,airplane
003748,automobile
003749,dog
003750,automobile
003751,airplane
003752,automobile
003753,cat
003754,dog
003755,airplane
003756,cat
003757,deer
003758,bird
003759,automobile
003760,dog
003761,automobile
003762,cat
003763,airplane
003764,dog
003765,deer
003766,airplane
003767,cat
003768,cat
003769,cat
003770,airplane
003771,cat
003772,deer
003773,deer
003774,deer
003775,airplane
003776,automobile
003777,airplane
003778,airplane
003779,automobile
003780,airplane
003781,airplane
003782,airplane
003783,automobile
003784,automobile
003785,cat
003786,bird
003787,cat
003788,bird
003789,bird
003790,deer
003791,cat
003792,bird
003793,automobile
003794,bird
003795,cat
003796,cat
003797,dog
003798,airplane
003799,dog
003800,cat
003801,bird
003802,bird
003803,bird
003804,bird
003805,deer
003806,dog
003807,bird
003808,cat
003809,airplane
003810,bird
003811,bird
003812,dog
003813,bird
003814,bird
003815,bird
003816,cat
003817,cat
003818,automobile
003819,dog
003820,deer
003821,cat
003822,automobile
003823,deer
003824,automobile
003825,deer
003826,automobile
003827,airplane
003828,cat
003829,cat
003830,automobile
003831,dog
003832,automobile
003833,automobile
003834,automobile
003835,dog
003836,deer
003837,automobile
003838,bird
003839,cat
003840,bird
003841,cat
003842,cat
003843,automobile
003844,deer
003845,deer
003846,deer
003847,bird
003848,deer
003849,dog
003850,airplane
003851,automobile
003852,automobile
003853,airplane
003854,automobile
003855,cat
003856,bird
003857,automobile
003858,deer
003859,cat
003860,cat
003861,automobile
003862,airplane
003863,automobile
003864,cat
003865,bird
003866,automobile
003867,airplane
003868,airplane
003869,cat
003870,bird
003871,deer
003872,deer
003873,cat
003874,bird
003875,cat
003876,bird
003877,automobile
003878,airplane
003879,automobile
003880,cat
003881,airplane
003882,bird
003883,cat
003884,dog
003885,cat
003886,airplane
003887,automobile
003888,cat
003889,airplane
003890,automobile
003891,automobile
003892,automobile
003893,deer
003894,airplane
003895,cat
003896,deer
003897,cat
003898,airplane
003899,airplane
003900,bird
003901,airplane
003902,automobile
003903,bird
003904,bird
003905,deer
003906,dog
003907,automobile
003908,bird
003909,cat
003910,deer
003911,dog
003912,deer
003913,airplane
003914,bird
003915,cat
003916,automobile
003917,bird
003918,airplane
003919,airplane
003920,deer
003921,airplane
003922,automobile
003923,bird
003924,airplane
003925,airplane
003926,airplane
003927,deer
003928,automobile
003929,bird
003930,automobile
003931,automobile
003932,airplane
003933,deer
003934,cat
003935,automobile
003936,automobile
003937,automobile
003938,automobile
003939,deer
003940,automobile
003941,deer
003942,cat
003943,automobile
003944,airplane
003945,bird
003946,cat
003947,airplane
003948,airplane
003949,cat
003950,airplane
003951,bird
003952,bird
003953,dog
003954,bird
003955,cat
003956,dog
003957,automobile
003958,bird
003959,airplane
003960,airplane
003961,dog
003962,automobile
003963,airplane
003964,cat
003965,dog
003966,airplane
003967,deer
003968,dog
003969,automobile
003970,deer
003971,deer
003972,airplane
003973,airplane
003974,automobile
003975,dog
003976,dog
003977,bird
003978,airplane
003979,airplane
003980,automobile
003981,automobile
003982,bird
003983,cat
003984,automobile
003985,bird
003986,airplane
003987,bird
003988,airplane
003989,cat
003990,bird
003991,automobile
003992,dog
003993,cat
003994,deer
003995,cat
003996,airplane
003997,bird
003998,airplane
003999,cat
004000,airplane
004001,cat
004002,cat
004003,airplane
004004,automobile
004005,deer
004006,bird
004007,deer
004008,bird
004009,bird
004010,dog
004011,airplane
004012,deer
004013,bird
004014,airplane
004015,automobile
004016,airplane
004017,deer
004018,bird
004019,automobile
004020,cat
004021,bird
004022,automobile
004023,airplane
004024,automobile
004025,automobile
004026,airplane
004027,airplane
004028,automobile
004029,automobile
004030,deer
004031,automobile
004032,bird
004033,dog
004034,automobile
004035,deer
004036,deer
004037,dog
004038,airplane
004039,airplane
004040,automobile
004041,bird
004042,dog
004043,cat
004044,automobile
004045,airplane
004046,automobile
004047,bird
004048,bird
004049,automobile
004050,cat
004051,deer
004052,airplane
004053,airplane
004054,automobile
004055,bird
004056,automobile
004057,horse
004058,cat
004059,cat
004060,airplane
004061,cat
004062,deer
004063,airplane
004064,dog
004065,deer
004066,deer
004067,automobile
004068,cat
004069,airplane
004070,deer
004071,automobile
004072,cat
004073,automobile
004074,airplane
004075,cat
004076,cat
004077,automobile
004078,cat
004079,bird
004080,airplane
004081,automobile
004082,bird
004083,automobile
004084,dog
004085,cat
004086,airplane
004087,deer
004088,deer
004089,airplane
004090,cat
004091,deer
004092,bird
004093,airplane
004094,dog
004095,automobile
004096,bird
004097,cat
004098,cat
004099,cat
004100,cat
004101,cat
004102,cat
004103,automobile
004104,cat
004105,bird
004106,dog
004107,bird
004108,dog
004109,airplane
004110,deer
004111,bird
004112,cat
004113,automobile
004114,airplane
004115,airplane
004116,cat
004117,automobile
004118,deer
004119,dog
004120,automobile
004121,automobile
004122,dog
004123,bird
004124,bird
004125,cat
004126,deer
004127,airplane
004128,automobile
004129,airplane
004130,dog
004131,cat
004132,cat
004133,automobile
004134,airplane
004135,automobile
004136,dog
004137,deer
004138,deer
004139,cat
004140,cat
004141,cat
004142,deer
004143,bird
004144,cat
004145,deer
004146,bird
004147,dog
004148,deer
004149,airplane
004150,deer
004151,automobile
004152,deer
004153,deer
004154,bird
004155,automobile
004156,automobile
004157,dog
004158,airplane
004159,bird
004160,cat
004161,automobile
004162,automobile
004163,bird
004164,cat
004165,airplane
004166,bird
004167,cat
004168,deer
004169,automobile
004170,cat
004171,deer
004172,automobile
004173,cat
004174,airplane
004175,cat
004176,deer
004177,airplane
004178,cat
004179,airplane
004180,bird
004181,bird
004182,bird
004183,cat
004184,cat
004185,automobile
004186,bird
004187,deer
004188,cat
004189,airplane
004190,automobile
004191,automobile
004192,bird
004193,cat
004194,cat
004195,dog
004196,bird
004197,automobile
004198,cat
004199,dog
004200,cat
004201,automobile
004202,airplane
004203,horse
004204,cat
004205,automobile
004206,deer
004207,cat
004208,cat
004209,deer
004210,deer
004211,automobile
004212,cat
004213,automobile
004214,airplane
004215,airplane
004216,bird
004217,automobile
004218,cat
004219,cat
004220,dog
004221,cat
004222,deer
004223,cat
004224,automobile
004225,deer
004226,dog
004227,deer
004228,airplane
004229,automobile
004230,dog
004231,automobile
004232,horse
004233,automobile
004234,dog
004235,airplane
004236,airplane
004237,airplane
004238,cat
004239,cat
004240,bird
004241,airplane
004242,cat
004243,airplane
004244,airplane
004245,deer
004246,dog
004247,automobile
004248,bird
004249,airplane
004250,deer
004251,airplane
004252,airplane
004253,automobile
004254,cat
004255,deer
004256,deer
004257,bird
004258,cat
004259,cat
004260,bird
004261,cat
004262,airplane
004263,cat
004264,bird
004265,cat
004266,automobile
004267,cat
004268,cat
004269,cat
004270,horse
004271,automobile
004272,cat
004273,cat
004274,automobile
004275,automobile
004276,bird
004277,cat
004278,airplane
004279,horse
004280,airplane
004281,bird
004282,bird
004283,bird
004284,bird
004285,deer
004286,airplane
004287,bird
004288,cat
004289,airplane
004290,airplane
004291,dog
004292,bird
004293,deer
004294,deer
004295,cat
004296,deer
004297,deer
004298,automobile
004299,automobile
004300,airplane
004301,bird
004302,bird
004303,automobile
004304,automobile
004305,cat
004306,cat
004307,airplane
004308,deer
004309,airplane
004310,bird
004311,airplane
004312,dog
004313,deer
004314,airplane
004315,airplane
004316,automobile
004317,bird
004318,airplane
004319,automobile
004320,airplane
004321,airplane
004322,deer
004323,bird
004324,deer
004325,deer
004326,bird
004327,airplane
004328,airplane
004329,automobile
004330,airplane
004331,automobile
004332,bird
004333,airplane
004334,airplane
004335,dog
004336,airplane
004337,dog
004338,cat
004339,cat
004340,deer
004341,cat
004342,deer
004343,cat
004344,deer
004345,deer
004346,deer
004347,bird
004348,cat
004349,cat
004350,dog
004351,deer
004352,cat
004353,dog
004354,cat
004355,automobile
004356,dog
004357,cat
004358,automobile
004359,cat
004360,bird
004361,airplane
004362,deer
004363,cat
004364,cat
004365,cat
004366,airplane
004367,dog
004368,automobile
004369,automobile
004370,dog
004371,bird
004372,bird
004373,cat
004374,airplane
004375,deer
004376,automobile
004377,bird
004378,deer
004379,automobile
004380,automobile
004381,cat
004382,deer
004383,bird
004384,dog
004385,bird
004386,bird
004387,airplane
004388,bird
004389,airplane
004390,automobile
004391,cat
004392,dog
004393,cat
004394,deer
004395,automobile
004396,airplane
004397,airplane
004398,cat
004399,airplane
004400,bird
004401,cat
004402,automobile
004403,bird
004404,automobile
004405,cat
004406,cat
004407,dog
004408,automobile
004409,dog
004410,bird
004411,airplane
004412,deer
004413,bird
004414,automobile
004415,deer
004416,airplane
004417,horse
004418,airplane
004419,bird
004420,cat
004421,deer
004422,bird
004423,airplane
004424,dog
004425,cat
004426,dog
004427,cat
004428,bird
004429,deer
004430,bird
004431,dog
004432,dog
004433,automobile
004434,cat
004435,airplane
004436,bird
004437,dog
004438,automobile
004439,cat
004440,deer
004441,cat
004442,airplane
004443,bird
004444,automobile
004445,automobile
004446,deer
004447,dog
004448,airplane
004449,automobile
004450,automobile
004451,automobile
004452,cat
004453,deer
004454,automobile
004455,automobile
004456,automobile
004457,bird
004458,bird
004459,bird
004460,cat
004461,automobile
004462,cat
004463,automobile
004464,cat
004465,airplane
004466,deer
004467,bird
004468,dog
004469,deer
004470,bird
004471,dog
004472,cat
004473,dog
004474,cat
004475,automobile
004476,automobile
004477,automobile
004478,airplane
004479,bird
004480,deer
004481,dog
004482,deer
004483,cat
004484,automobile
004485,automobile
004486,cat
004487,bird
004488,bird
004489,cat
004490,cat
004491,cat
004492,airplane
004493,airplane
004494,cat
004495,dog
004496,bird
004497,cat
004498,cat
004499,automobile
004500,automobile
004501,dog
004502,automobile
004503,dog
004504,deer
004505,airplane
004506,horse
004507,automobile
004508,cat
004509,automobile
004510,automobile
004511,dog
004512,dog
004513,dog
004514,automobile
004515,automobile
004516,automobile
004517,airplane
004518,bird
004519,dog
004520,cat
004521,bird
004522,bird
004523,deer
004524,dog
004525,airplane
004526,cat
004527,bird
004528,cat
004529,airplane
004530,deer
004531,cat
004532,automobile
004533,bird
004534,automobile
004535,airplane
004536,cat
004537,dog
004538,automobile
004539,cat
004540,cat
004541,bird
004542,bird
004543,airplane
004544,cat
004545,bird
004546,airplane
004547,deer
004548,automobile
004549,deer
004550,dog
004551,bird
004552,airplane
004553,bird
004554,airplane
004555,airplane
004556,deer
004557,bird
004558,automobile
004559,dog
004560,cat
004561,airplane
004562,cat
004563,automobile
004564,cat
004565,deer
004566,cat
004567,airplane
004568,airplane
004569,deer
004570,airplane
004571,cat
004572,airplane
004573,bird
004574,automobile
004575,deer
004576,automobile
004577,automobile
004578,automobile
004579,deer
004580,bird
004581,bird
004582,cat
004583,dog
004584,dog
004585,airplane
004586,automobile
004587,deer
004588,airplane
004589,automobile
004590,bird
004591,cat
004592,cat
004593,automobile
004594,automobile
004595,cat
004596,deer
004597,cat
004598,deer
004599,automobile
004600,automobile
004601,dog
004602,airplane
004603,bird
004604,automobile
004605,deer
004606,airplane
004607,automobile
004608,airplane
004609,bird
004610,automobile
004611,airplane
004612,airplane
004613,bird
004614,airplane
004615,cat
004616,automobile
004617,airplane
004618,dog
004619,dog
004620,airplane
004621,cat
004622,automobile
004623,bird
004624,airplane
004625,airplane
004626,cat
004627,cat
004628,bird
004629,deer
004630,dog
004631,airplane
004632,deer
004633,airplane
004634,dog
004635,deer
004636,airplane
004637,cat
004638,deer
004639,automobile
004640,cat
004641,automobile
004642,cat
004643,bird
004644,deer
004645,airplane
004646,dog
004647,airplane
004648,deer
004649,bird
004650,cat
004651,automobile
004652,bird
004653,deer
004654,cat
004655,deer
004656,deer
004657,cat
004658,deer
004659,airplane
004660,airplane
004661,cat
004662,cat
004663,cat
004664,cat
004665,airplane
004666,automobile
004667,automobile
004668,automobile
004669,automobile
004670,dog
004671,cat
004672,automobile
004673,airplane
004674,deer
004675,cat
004676,automobile
004677,deer
004678,dog
004679,dog
004680,deer
004681,automobile
004682,cat
004683,cat
004684,airplane
004685,automobile
004686,deer
004687,bird
004688,automobile
004689,deer
004690,cat
004691,airplane
004692,airplane
004693,bird
004694,cat
004695,airplane
004696,automobile
004697,cat
004698,deer
004699,airplane
004700,automobile
004701,bird
004702,dog
004703,airplane
004704,airplane
004705,airplane
004706,cat
004707,airplane
004708,airplane
004709,airplane
004710,deer
004711,bird
004712,automobile
004713,dog
004714,deer
004715,airplane
004716,airplane
004717,cat
004718,bird
004719,airplane
004720,airplane
004721,automobile
004722,deer
004723,airplane
004724,automobile
004725,deer
004726,airplane
004727,deer
004728,cat
004729,airplane
004730,airplane
004731,automobile
004732,deer
004733,airplane
004734,dog
004735,dog
004736,deer
004737,automobile
004738,bird
004739,deer
004740,bird
004741,automobile
004742,deer
004743,deer
004744,cat
004745,automobile
004746,automobile
004747,bird
004748,cat
004749,cat
004750,cat
004751,cat
004752,automobile
004753,airplane
004754,cat
004755,automobile
004756,automobile
004757,cat
004758,cat
004759,dog
004760,cat
004761,dog
004762,dog
004763,cat
004764,airplane
004765,airplane
004766,cat
004767,bird
004768,automobile
004769,airplane
004770,airplane
004771,automobile
004772,deer
004773,automobile
004774,automobile
004775,automobile
004776,automobile
004777,bird
004778,bird
004779,deer
004780,airplane
004781,bird
004782,airplane
004783,automobile
004784,dog
004785,cat
004786,bird
004787,airplane
004788,automobile
004789,deer
004790,deer
004791,bird
004792,bird
004793,cat
004794,cat
004795,automobile
004796,cat
004797,airplane
004798,cat
004799,airplane
004800,deer
004801,bird
004802,bird
004803,deer
004804,cat
004805,cat
004806,bird
004807,dog
004808,dog
004809,dog
004810,bird
004811,automobile
004812,automobile
004813,cat
004814,bird
004815,deer
004816,airplane
004817,deer
004818,airplane
004819,airplane
004820,dog
004821,airplane
004822,bird
004823,automobile
004824,horse
004825,dog
004826,airplane
004827,automobile
004828,automobile
004829,deer
004830,dog
004831,bird
004832,deer
004833,airplane
004834,automobile
004835,cat
004836,automobile
004837,airplane
004838,deer
004839,airplane
004840,automobile
004841,deer
004842,automobile
004843,automobile
004844,bird
004845,automobile
004846,bird
004847,automobile
004848,automobile
004849,bird
004850,cat
004851,automobile
004852,cat
004853,deer
004854,automobile
004855,dog
004856,cat
004857,automobile
004858,airplane
004859,dog
004860,automobile
004861,airplane
004862,automobile
004863,bird
004864,automobile
004865,cat
004866,automobile
004867,bird
004868,automobile
004869,deer
004870,bird
004871,cat
004872,deer
004873,cat
004874,deer
004875,deer
004876,deer
004877,airplane
004878,bird
004879,bird
004880,cat
004881,deer
004882,bird
004883,automobile
004884,cat
004885,deer
004886,deer
004887,automobile
004888,deer
004889,deer
004890,automobile
004891,airplane
004892,airplane
004893,automobile
004894,dog
004895,automobile
004896,automobile
004897,cat
004898,airplane
004899,automobile
004900,cat
004901,cat
004902,deer
004903,airplane
004904,cat
004905,airplane
004906,dog
004907,deer
004908,automobile
004909,deer
004910,dog
004911,airplane
004912,cat
004913,bird
004914,airplane
004915,deer
004916,bird
004917,dog
004918,automobile
004919,cat
004920,airplane
004921,bird
004922,bird
004923,bird
004924,cat
004925,deer
004926,cat
004927,dog
004928,cat
004929,automobile
004930,bird
004931,cat
004932,automobile
004933,deer
004934,bird
004935,airplane
004936,automobile
004937,airplane
004938,bird
004939,cat
004940,bird
004941,bird
004942,deer
004943,bird
004944,deer
004945,automobile
004946,airplane
004947,automobile
004948,automobile
004949,deer
004950,airplane
004951,airplane
004952,bird
004953,airplane
004954,automobile
004955,airplane
004956,cat
004957,deer
004958,dog
004959,cat
004960,airplane
004961,automobile
004962,bird
004963,automobile
004964,deer
004965,automobile
004966,bird
004967,bird
004968,deer
004969,airplane
004970,deer
004971,cat
004972,dog
004973,airplane
004974,dog
004975,deer
004976,automobile
004977,automobile
004978,airplane
004979,bird
004980,cat
004981,cat
004982,deer
004983,deer
004984,bird
004985,dog
004986,automobile
004987,cat
004988,bird
004989,cat
004990,deer
004991,cat
004992,bird
004993,automobile
004994,airplane
004995,dog
004996,automobile
004997,automobile
004998,bird
004999,automobile
005000,bird
005001,cat
005002,automobile
005003,dog
005004,airplane
005005,automobile
005006,dog
005007,dog
005008,cat
005009,airplane
005010,bird
005011,deer
005012,cat
005013,deer
005014,bird
005015,bird
005016,automobile
005017,airplane
005018,deer
005019,cat
005020,bird
005021,airplane
005022,dog
005023,cat
005024,dog
005025,deer
005026,deer
005027,cat
005028,airplane
005029,cat
005030,bird
005031,deer
005032,deer
005033,cat
005034,cat
005035,cat
005036,deer
005037,bird
005038,cat
005039,airplane
005040,automobile
005041,bird
005042,cat
005043,dog
005044,airplane
005045,airplane
005046,deer
005047,cat
005048,cat
005049,cat
005050,deer
005051,airplane
005052,airplane
005053,cat
005054,cat
005055,cat
005056,automobile
005057,automobile
005058,cat
005059,cat
005060,automobile
005061,airplane
005062,automobile
005063,deer
005064,cat
005065,cat
005066,deer
005067,automobile
005068,airplane
005069,cat
005070,automobile
005071,dog
005072,bird
005073,airplane
005074,cat
005075,airplane
005076,bird
005077,bird
005078,airplane
005079,deer
005080,cat
005081,airplane
005082,deer
005083,bird
005084,bird
005085,dog
005086,bird
005087,cat
005088,airplane
005089,bird
005090,bird
005091,airplane
005092,deer
005093,bird
005094,deer
005095,cat
005096,airplane
005097,cat
005098,automobile
005099,automobile
005100,dog
005101,airplane
005102,dog
005103,automobile
005104,automobile
005105,airplane
005106,cat
005107,bird
005108,bird
005109,bird
005110,airplane
005111,airplane
005112,airplane
005113,bird
005114,bird
005115,automobile
005116,cat
005117,cat
005118,cat
005119,bird
005120,deer
005121,automobile
005122,automobile
005123,automobile
005124,dog
005125,bird
005126,bird
005127,airplane
005128,cat
005129,bird
005130,cat
005131,airplane
005132,automobile
005133,bird
005134,bird
005135,airplane
005136,automobile
005137,airplane
005138,cat
005139,airplane
005140,airplane
005141,deer
005142,cat
005143,bird
005144,bird
005145,deer
005146,bird
005147,airplane
005148,cat
005149,airplane
005150,deer
005151,bird
005152,airplane
005153,bird
005154,bird
005155,airplane
005156,airplane
005157,cat
005158,cat
005159,automobile
005160,cat
005161,automobile
005162,bird
005163,airplane
005164,deer
005165,cat
005166,automobile
005167,bird
005168,bird
005169,bird
005170,airplane
005171,cat
005172,cat
005173,deer
005174,dog
005175,automobile
005176,cat
005177,automobile
005178,bird
005179,cat
005180,airplane
005181,bird
005182,cat
005183,automobile
005184,airplane
005185,deer
005186,bird
005187,bird
005188,bird
005189,deer
005190,airplane
005191,airplane
005192,bird
005193,automobile
005194,dog
005195,airplane
005196,automobile
005197,automobile
005198,dog
005199,airplane
005200,automobile
005201,bird
005202,automobile
005203,bird
005204,dog
005205,bird
005206,airplane
005207,automobile
005208,bird
005209,bird
005210,bird
005211,bird
005212,cat
005213,airplane
005214,bird
005215,cat
005216,automobile
005217,bird
005218,airplane
005219,bird
005220,airplane
005221,deer
005222,dog
005223,dog
005224,cat
005225,cat
005226,automobile
005227,dog
005228,bird
005229,deer
005230,automobile
005231,dog
005232,automobile
005233,bird
005234,automobile
005235,automobile
005236,automobile
005237,deer
005238,cat
005239,cat
005240,deer
005241,cat
005242,airplane
005243,automobile
005244,deer
005245,cat
005246,bird
005247,airplane
005248,airplane
005249,cat
005250,deer
005251,bird
005252,automobile
005253,cat
005254,bird
005255,automobile
005256,cat
005257,cat
005258,deer
005259,airplane
005260,cat
005261,airplane
005262,bird
005263,automobile
005264,deer
005265,bird
005266,cat
005267,cat
005268,cat
005269,airplane
005270,bird
005271,airplane
005272,deer
005273,bird
005274,cat
005275,deer
005276,deer
005277,airplane
005278,bird
005279,automobile
005280,airplane
005281,cat
005282,bird
005283,cat
005284,deer
005285,airplane
005286,airplane
005287,automobile
005288,automobile
005289,cat
005290,airplane
005291,automobile
005292,dog
005293,airplane
005294,dog
005295,automobile
005296,bird
005297,dog
005298,airplane
005299,cat
005300,automobile
005301,bird
005302,automobile
005303,cat
005304,automobile
005305,dog
005306,airplane
005307,cat
005308,airplane
005309,cat
005310,airplane
005311,cat
005312,bird
005313,bird
005314,cat
005315,cat
005316,bird
005317,cat
005318,cat
005319,bird
005320,airplane
005321,cat
005322,automobile
005323,airplane
005324,deer
005325,bird
005326,deer
005327,cat
005328,airplane
005329,bird
005330,dog
005331,deer
005332,cat
005333,bird
005334,cat
005335,dog
005336,bird
005337,dog
005338,airplane
005339,deer
005340,airplane
005341,cat
005342,bird
005343,cat
005344,dog
005345,airplane
005346,bird
005347,airplane
005348,cat
005349,cat
005350,dog
005351,dog
005352,bird
005353,deer
005354,automobile
005355,cat
005356,automobile
005357,bird
005358,dog
005359,automobile
005360,automobile
005361,dog
005362,deer
005363,dog
005364,automobile
005365,deer
005366,airplane
005367,automobile
005368,airplane
005369,deer
005370,cat
005371,cat
005372,automobile
005373,automobile
005374,airplane
005375,bird
005376,bird
005377,airplane
005378,bird
005379,bird
005380,airplane
005381,bird
005382,cat
005383,airplane
005384,airplane
005385,dog
005386,deer
005387,deer
005388,airplane
005389,automobile
005390,cat
005391,cat
005392,deer
005393,bird
005394,deer
005395,automobile
005396,airplane
005397,airplane
005398,automobile
005399,automobile
005400,dog
005401,cat
005402,cat
005403,cat
005404,airplane
005405,automobile
005406,airplane
005407,dog
005408,automobile
005409,bird
005410,deer
005411,airplane
005412,cat
005413,bird
005414,automobile
005415,automobile
005416,bird
005417,automobile
005418,automobile
005419,dog
005420,bird
005421,cat
005422,airplane
005423,airplane
005424,dog
005425,cat
005426,deer
005427,cat
005428,automobile
005429,cat
005430,airplane
005431,automobile
005432,cat
005433,cat
005434,automobile
005435,deer
005436,airplane
005437,automobile
005438,cat
005439,automobile
005440,deer
005441,bird
005442,airplane
005443,deer
005444,automobile
005445,airplane
005446,automobile
005447,bird
005448,deer
005449,cat
005450,cat
005451,bird
005452,dog
005453,bird
005454,bird
005455,cat
005456,airplane
005457,deer
005458,cat
005459,deer
005460,dog
005461,automobile
005462,cat
005463,automobile
005464,deer
005465,automobile
005466,airplane
005467,cat
005468,automobile
005469,airplane
005470,dog
005471,cat
005472,cat
005473,cat
005474,cat
005475,airplane
005476,airplane
005477,automobile
005478,dog
005479,airplane
005480,automobile
005481,cat
005482,bird
005483,airplane
005484,cat
005485,dog
005486,cat
005487,deer
005488,cat
005489,airplane
005490,airplane
005491,airplane
005492,bird
005493,cat
005494,automobile
005495,cat
005496,automobile
005497,automobile
005498,automobile
005499,automobile
005500,automobile
005501,bird
005502,airplane
005503,airplane
005504,deer
005505,dog
005506,cat
005507,cat
005508,deer
005509,bird
005510,cat
005511,automobile
005512,cat
005513,automobile
005514,bird
005515,cat
005516,dog
005517,airplane
005518,dog
005519,automobile
005520,cat
005521,airplane
005522,bird
005523,bird
005524,cat
005525,cat
005526,bird
005527,bird
005528,airplane
005529,deer
005530,horse
005531,automobile
005532,automobile
005533,automobile
005534,bird
005535,deer
005536,bird
005537,cat
005538,bird
005539,automobile
005540,cat
005541,airplane
005542,automobile
005543,dog
005544,airplane
005545,automobile
005546,automobile
005547,automobile
005548,cat
005549,cat
005550,deer
005551,cat
005552,airplane
005553,cat
005554,dog
005555,bird
005556,airplane
005557,automobile
005558,airplane
005559,automobile
005560,airplane
005561,automobile
005562,automobile
005563,deer
005564,automobile
005565,airplane
005566,bird
005567,bird
005568,automobile
005569,automobile
005570,deer
005571,dog
005572,cat
005573,cat
005574,bird
005575,dog
005576,automobile
005577,airplane
005578,bird
005579,dog
005580,airplane
005581,automobile
005582,airplane
005583,automobile
005584,airplane
005585,dog
005586,bird
005587,automobile
005588,deer
005589,bird
005590,automobile
005591,airplane
005592,cat
005593,cat
005594,automobile
005595,airplane
005596,automobile
005597,airplane
005598,cat
005599,airplane
005600,cat
005601,airplane
005602,airplane
005603,cat
005604,automobile
005605,deer
005606,bird
005607,automobile
005608,deer
005609,automobile
005610,cat
005611,deer
005612,automobile
005613,cat
005614,cat
005615,automobile
005616,dog
005617,airplane
005618,airplane
005619,airplane
005620,airplane
005621,airplane
005622,cat
005623,bird
005624,dog
005625,dog
005626,automobile
005627,airplane
005628,deer
005629,bird
005630,bird
005631,airplane
005632,airplane
005633,airplane
005634,deer
005635,bird
005636,cat
005637,bird
005638,cat
005639,bird
005640,automobile
005641,cat
005642,automobile
005643,cat
005644,cat
005645,airplane
005646,cat
005647,deer
005648,airplane
005649,cat
005650,bird
005651,deer
005652,airplane
005653,airplane
005654,deer
005655,automobile
005656,airplane
005657,automobile
005658,dog
005659,cat
005660,automobile
005661,bird
005662,airplane
005663,airplane
005664,deer
005665,bird
005666,automobile
005667,automobile
005668,dog
005669,automobile
005670,bird
005671,automobile
005672,cat
005673,cat
005674,airplane
005675,airplane
005676,deer
005677,cat
005678,bird
005679,deer
005680,bird
005681,automobile
005682,automobile
005683,automobile
005684,bird
005685,cat
005686,cat
005687,cat
005688,cat
005689,airplane
005690,automobile
005691,deer
005692,dog
005693,automobile
005694,cat
005695,bird
005696,automobile
005697,airplane
005698,dog
005699,bird
005700,bird
005701,automobile
005702,automobile
005703,cat
005704,automobile
005705,airplane
005706,deer
005707,bird
005708,cat
005709,dog
005710,horse
005711,airplane
005712,deer
005713,cat
005714,cat
005715,automobile
005716,cat
005717,horse
005718,automobile
005719,dog
005720,dog
005721,cat
005722,deer
005723,cat
005724,airplane
005725,bird
005726,airplane
005727,cat
005728,deer
005729,airplane
005730,cat
005731,airplane
005732,automobile
005733,airplane
005734,cat
005735,bird
005736,bird
005737,airplane
005738,deer
005739,bird
005740,cat
005741,deer
005742,cat
005743,bird
005744,automobile
005745,automobile
005746,dog
005747,automobile
005748,dog
005749,airplane
005750,cat
005751,automobile
005752,deer
005753,airplane
005754,automobile
005755,automobile
005756,cat
005757,deer
005758,deer
005759,airplane
005760,horse
005761,automobile
005762,cat
005763,dog
005764,deer
005765,dog
005766,airplane
005767,deer
005768,bird
005769,automobile
005770,airplane
005771,automobile
005772,airplane
005773,dog
005774,airplane
005775,dog
005776,deer
005777,automobile
005778,automobile
005779,airplane
005780,airplane
005781,deer
005782,automobile
005783,cat
005784,automobile
005785,cat
005786,airplane
005787,dog
005788,deer
005789,bird
005790,bird
005791,deer
005792,airplane
005793,automobile
005794,deer
005795,automobile
005796,cat
005797,cat
005798,cat
005799,cat
005800,airplane
005801,bird
005802,deer
005803,dog
005804,cat
005805,cat
005806,bird
005807,automobile
005808,automobile
005809,dog
005810,airplane
005811,cat
005812,deer
005813,deer
005814,automobile
005815,deer
005816,automobile
005817,cat
005818,deer
005819,deer
005820,deer
005821,deer
005822,airplane
005823,bird
005824,dog
005825,dog
005826,deer
005827,dog
005828,airplane
005829,cat
005830,automobile
005831,dog
005832,horse
005833,airplane
005834,dog
005835,airplane
005836,cat
005837,airplane
005838,airplane
005839,automobile
005840,automobile
005841,deer
005842,airplane
005843,cat
005844,dog
005845,deer
005846,automobile
005847,cat
005848,deer
005849,bird
005850,airplane
005851,horse
005852,deer
005853,dog
005854,automobile
005855,dog
005856,horse
005857,airplane
005858,airplane
005859,bird
005860,airplane
005861,bird
005862,bird
005863,deer
005864,automobile
005865,automobile
005866,cat
005867,bird
005868,cat
005869,cat
005870,airplane
005871,deer
005872,airplane
005873,deer
005874,deer
005875,cat
005876,dog
005877,bird
005878,bird
005879,airplane
005880,bird
005881,deer
005882,cat
005883,bird
005884,bird
005885,bird
005886,deer
005887,airplane
005888,cat
005889,cat
005890,automobile
005891,automobile
005892,dog
005893,dog
005894,bird
005895,dog
005896,cat
005897,deer
005898,airplane
005899,cat
005900,deer
005901,bird
005902,bird
005903,airplane
005904,cat
005905,bird
005906,dog
005907,airplane
005908,automobile
005909,cat
005910,dog
005911,airplane
005912,airplane
005913,automobile
005914,airplane
005915,automobile
005916,dog
005917,bird
005918,airplane
005919,deer
005920,airplane
005921,airplane
005922,automobile
005923,deer
005924,bird
005925,bird
005926,bird
005927,automobile
005928,cat
005929,bird
005930,bird
005931,dog
005932,cat
005933,bird
005934,bird
005935,automobile
005936,airplane
005937,cat
005938,automobile
005939,deer
005940,airplane
005941,dog
005942,deer
005943,bird
005944,automobile
005945,cat
005946,cat
005947,cat
005948,airplane
005949,cat
005950,bird
005951,dog
005952,airplane
005953,airplane
005954,bird
005955,bird
005956,cat
005957,airplane
005958,bird
005959,bird
005960,dog
005961,bird
005962,bird
005963,cat
005964,bird
005965,cat
005966,deer
005967,airplane
005968,deer
005969,airplane
005970,bird
005971,dog
005972,cat
005973,automobile
005974,bird
005975,airplane
005976,cat
005977,cat
005978,airplane
005979,automobile
005980,bird
005981,airplane
005982,dog
005983,airplane
005984,deer
005985,automobile
005986,automobile
005987,airplane
005988,cat
005989,automobile
005990,airplane
005991,cat
005992,cat
005993,airplane
005994,automobile
005995,cat
005996,airplane
005997,automobile
005998,cat
005999,dog
006000,airplane
006001,bird
006002,deer
006003,airplane
006004,cat
006005,automobile
006006,deer
006007,dog
006008,automobile
006009,automobile
006010,cat
006011,automobile
006012,deer
006013,dog
006014,cat
006015,bird
006016,airplane
006017,deer
006018,airplane
006019,cat
006020,cat
006021,automobile
006022,dog
006023,cat
006024,automobile
006025,cat
006026,dog
006027,airplane
006028,automobile
006029,automobile
006030,dog
006031,airplane
006032,airplane
006033,dog
006034,airplane
006035,airplane
006036,airplane
006037,bird
006038,automobile
006039,airplane
006040,airplane
006041,deer
006042,airplane
006043,deer
006044,deer
006045,bird
006046,airplane
006047,cat
006048,dog
006049,deer
006050,automobile
006051,deer
006052,bird
006053,cat
006054,airplane
006055,cat
006056,automobile
006057,airplane
006058,automobile
006059,bird
006060,automobile
006061,dog
006062,cat
006063,cat
006064,automobile
006065,automobile
006066,airplane
006067,automobile
006068,deer
006069,automobile
006070,bird
006071,cat
006072,dog
006073,deer
006074,deer
006075,automobile
006076,airplane
006077,deer
006078,cat
006079,dog
006080,bird
006081,automobile
006082,automobile
006083,dog
006084,airplane
006085,automobile
006086,automobile
006087,cat
006088,automobile
006089,bird
006090,airplane
006091,automobile
006092,airplane
006093,deer
006094,dog
006095,automobile
006096,bird
006097,airplane
006098,deer
006099,automobile
006100,deer
006101,airplane
006102,bird
006103,airplane
006104,deer
006105,automobile
006106,cat
006107,bird
006108,automobile
006109,cat
006110,dog
006111,deer
006112,airplane
006113,automobile
006114,dog
006115,horse
006116,airplane
006117,cat
006118,cat
006119,airplane
006120,deer
006121,cat
006122,dog
006123,deer
006124,automobile
006125,deer
006126,bird
006127,airplane
006128,bird
006129,airplane
006130,airplane
006131,cat
006132,cat
006133,airplane
006134,dog
006135,cat
006136,bird
006137,cat
006138,airplane
006139,dog
006140,cat
006141,airplane
006142,bird
006143,airplane
006144,automobile
006145,airplane
006146,cat
006147,deer
006148,bird
006149,deer
006150,deer
006151,airplane
006152,cat
006153,bird
006154,airplane
006155,bird
006156,deer
006157,automobile
006158,automobile
006159,automobile
006160,bird
006161,automobile
006162,airplane
006163,dog
006164,deer
006165,bird
006166,airplane
006167,airplane
006168,cat
006169,cat
006170,deer
006171,bird
006172,airplane
006173,bird
006174,airplane
006175,airplane
006176,deer
006177,dog
006178,cat
006179,airplane
006180,cat
006181,airplane
006182,airplane
006183,bird
006184,deer
006185,bird
006186,bird
006187,cat
006188,automobile
006189,airplane
006190,airplane
006191,deer
006192,deer
006193,airplane
006194,bird
006195,cat
006196,cat
006197,airplane
006198,bird
006199,airplane
006200,cat
006201,bird
006202,deer
006203,bird
006204,airplane
006205,airplane
006206,deer
006207,automobile
006208,airplane
006209,dog
006210,dog
006211,dog
006212,automobile
006213,automobile
006214,automobile
006215,bird
006216,cat
006217,cat
006218,deer
006219,deer
006220,airplane
006221,deer
006222,deer
006223,airplane
006224,automobile
006225,bird
006226,airplane
006227,deer
006228,airplane
006229,automobile
006230,deer
006231,bird
006232,dog
006233,automobile
006234,cat
006235,horse
006236,cat
006237,cat
006238,deer
006239,dog
006240,airplane
006241,bird
006242,airplane
006243,cat
006244,automobile
006245,cat
006246,bird
006247,cat
006248,automobile
006249,bird
006250,airplane
006251,automobile
006252,cat
006253,automobile
006254,automobile
006255,cat
006256,automobile
006257,airplane
006258,cat
006259,cat
006260,airplane
006261,cat
006262,automobile
006263,airplane
006264,bird
006265,cat
006266,dog
006267,airplane
006268,bird
006269,deer
006270,automobile
006271,dog
006272,automobile
006273,airplane
006274,airplane
006275,dog
006276,cat
006277,dog
006278,dog
006279,bird
006280,airplane
006281,bird
006282,cat
006283,airplane
006284,deer
006285,airplane
006286,deer
006287,cat
006288,cat
006289,bird
006290,cat
006291,bird
006292,bird
006293,dog
006294,cat
006295,bird
006296,automobile
006297,airplane
006298,deer
006299,dog
006300,cat
006301,automobile
006302,airplane
006303,airplane
006304,automobile
006305,bird
006306,bird
006307,automobile
006308,automobile
006309,deer
006310,horse
006311,airplane
006312,bird
006313,automobile
006314,airplane
006315,bird
006316,automobile
006317,automobile
006318,bird
006319,automobile
006320,bird
006321,cat
006322,bird
006323,automobile
006324,cat
006325,deer
006326,airplane
006327,airplane
006328,automobile
006329,airplane
006330,cat
006331,airplane
006332,automobile
006333,automobile
006334,cat
006335,deer
006336,airplane
006337,deer
006338,bird
006339,deer
006340,automobile
006341,automobile
006342,cat
006343,horse
006344,cat
006345,airplane
006346,airplane
006347,bird
006348,automobile
006349,dog
006350,airplane
006351,cat
006352,bird
006353,bird
006354,airplane
006355,automobile
006356,cat
006357,dog
006358,horse
006359,bird
006360,dog
006361,deer
006362,automobile
006363,cat
006364,automobile
006365,automobile
006366,cat
006367,airplane
006368,deer
006369,airplane
006370,bird
006371,cat
006372,airplane
006373,cat
006374,deer
006375,automobile
006376,deer
006377,cat
006378,automobile
006379,cat
006380,airplane
006381,airplane
006382,airplane
006383,bird
006384,dog
006385,automobile
006386,automobile
006387,deer
006388,cat
006389,bird
006390,airplane
006391,automobile
006392,bird
006393,bird
006394,cat
006395,automobile
006396,automobile
006397,cat
006398,bird
006399,automobile
006400,bird
006401,deer
006402,airplane
006403,airplane
006404,deer
006405,bird
006406,automobile
006407,airplane
006408,deer
006409,automobile
006410,dog
006411,airplane
006412,deer
006413,airplane
006414,dog
006415,cat
006416,automobile
006417,cat
006418,bird
006419,airplane
006420,deer
006421,cat
006422,automobile
006423,cat
006424,automobile
006425,automobile
006426,automobile
006427,dog
006428,cat
006429,airplane
006430,airplane
006431,deer
006432,automobile
006433,airplane
006434,bird
006435,cat
006436,cat
006437,deer
006438,airplane
006439,cat
006440,cat
006441,bird
006442,bird
006443,airplane
006444,airplane
006445,automobile
006446,dog
006447,airplane
006448,bird
006449,airplane
006450,cat
006451,airplane
006452,deer
006453,dog
006454,airplane
006455,airplane
006456,bird
006457,airplane
006458,deer
006459,deer
006460,cat
006461,airplane
006462,bird
006463,deer
006464,deer
006465,automobile
006466,cat
006467,cat
006468,automobile
006469,cat
006470,dog
006471,cat
006472,airplane
006473,dog
006474,automobile
006475,cat
006476,deer
006477,automobile
006478,bird
006479,bird
006480,cat
006481,bird
006482,airplane
006483,cat
006484,bird
006485,bird
006486,automobile
006487,automobile
006488,cat
006489,deer
006490,dog
006491,airplane
006492,deer
006493,deer
006494,airplane
006495,dog
006496,automobile
006497,bird
006498,automobile
006499,bird
006500,cat
006501,cat
006502,bird
006503,dog
006504,cat
006505,automobile
006506,airplane
006507,cat
006508,automobile
006509,automobile
006510,airplane
006511,airplane
006512,bird
006513,airplane
006514,cat
006515,bird
006516,cat
006517,airplane
006518,cat
006519,airplane
006520,automobile
006521,cat
006522,cat
006523,airplane
006524,airplane
006525,automobile
006526,airplane
006527,deer
006528,bird
006529,automobile
006530,dog
006531,deer
006532,bird
006533,bird
006534,airplane
006535,dog
006536,airplane
006537,automobile
006538,cat
006539,airplane
006540,bird
006541,bird
006542,cat
006543,cat
006544,automobile
006545,airplane
006546,cat
006547,automobile
006548,automobile
006549,bird
006550,deer
006551,deer
006552,dog
006553,airplane
006554,airplane
006555,bird
006556,deer
006557,airplane
006558,cat
006559,airplane
006560,airplane
006561,dog
006562,deer
006563,deer
006564,airplane
006565,dog
006566,dog
006567,airplane
006568,airplane
006569,airplane
006570,dog
006571,deer
006572,airplane
006573,bird
006574,cat
006575,airplane
006576,horse
006577,cat
006578,automobile
006579,airplane
006580,automobile
006581,airplane
006582,airplane
006583,airplane
006584,cat
006585,automobile
006586,automobile
006587,airplane
006588,bird
006589,automobile
006590,dog
006591,deer
006592,cat
006593,bird
006594,automobile
006595,airplane
006596,airplane
006597,horse
006598,automobile
006599,bird
006600,bird
006601,cat
006602,airplane
006603,airplane
006604,cat
006605,bird
006606,airplane
006607,automobile
006608,bird
006609,deer
006610,cat
006611,bird
006612,airplane
006613,dog
006614,airplane
006615,airplane
006616,cat
006617,airplane
006618,automobile
006619,airplane
006620,deer
006621,cat
006622,cat
006623,cat
006624,airplane
006625,cat
006626,dog
006627,cat
006628,bird
006629,automobile
006630,cat
006631,deer
006632,cat
006633,dog
006634,deer
006635,cat
006636,dog
006637,dog
006638,bird
006639,airplane
006640,cat
006641,automobile
006642,deer
006643,dog
006644,cat
006645,deer
006646,deer
006647,bird
006648,dog
006649,dog
006650,cat
006651,dog
006652,automobile
006653,dog
006654,airplane
006655,automobile
006656,automobile
006657,dog
006658,dog
006659,dog
006660,airplane
006661,bird
006662,dog
006663,deer
006664,dog
006665,bird
006666,cat
006667,automobile
006668,automobile
006669,airplane
006670,airplane
006671,cat
006672,deer
006673,bird
006674,bird
006675,deer
006676,deer
006677,cat
006678,cat
006679,dog
006680,automobile
006681,dog
006682,airplane
006683,automobile
006684,bird
006685,deer
006686,automobile
006687,airplane
006688,cat
006689,cat
006690,bird
006691,automobile
006692,bird
006693,cat
006694,airplane
006695,airplane
006696,dog
006697,deer
006698,bird
006699,airplane
006700,deer
006701,bird
006702,automobile
006703,automobile
006704,bird
006705,dog
006706,automobile
006707,automobile
006708,cat
006709,airplane
006710,cat
006711,airplane
006712,automobile
006713,airplane
006714,automobile
006715,deer
006716,dog
006717,cat
006718,automobile
006719,automobile
006720,airplane
006721,dog
006722,cat
006723,deer
006724,cat
006725,bird
006726,dog
006727,cat
006728,automobile
006729,automobile
006730,dog
006731,cat
006732,airplane
006733,cat
006734,automobile
006735,cat
006736,cat
006737,dog
006738,automobile
006739,bird
006740,cat
006741,bird
006742,airplane
006743,cat
006744,airplane
006745,cat
006746,automobile
006747,automobile
006748,bird
006749,deer
006750,bird
006751,cat
006752,automobile
006753,cat
006754,automobile
006755,automobile
006756,airplane
006757,cat
006758,dog
006759,airplane
006760,deer
006761,airplane
006762,airplane
006763,cat
006764,cat
006765,deer
006766,automobile
006767,automobile
006768,horse
006769,dog
006770,dog
006771,airplane
006772,dog
006773,automobile
006774,automobile
006775,bird
006776,automobile
006777,airplane
006778,airplane
006779,automobile
006780,deer
006781,automobile
006782,automobile
006783,bird
006784,automobile
006785,cat
006786,automobile
006787,deer
006788,automobile
006789,bird
006790,bird
006791,deer
006792,deer
006793,airplane
006794,automobile
006795,automobile
006796,dog
006797,cat
006798,bird
006799,bird
006800,bird
006801,airplane
006802,bird
006803,airplane
006804,airplane
006805,deer
006806,automobile
006807,automobile
006808,airplane
006809,airplane
006810,airplane
006811,bird
006812,automobile
006813,automobile
006814,airplane
006815,cat
006816,bird
006817,bird
006818,automobile
006819,automobile
006820,deer
006821,airplane
006822,cat
006823,airplane
006824,cat
006825,cat
006826,bird
006827,cat
006828,dog
006829,airplane
006830,cat
006831,dog
006832,bird
006833,automobile
006834,airplane
006835,bird
006836,deer
006837,dog
006838,dog
006839,airplane
006840,bird
006841,deer
006842,deer
006843,cat
006844,dog
006845,dog
006846,automobile
006847,deer
006848,automobile
006849,cat
006850,cat
006851,automobile
006852,bird
006853,cat
006854,airplane
006855,cat
006856,airplane
006857,airplane
006858,airplane
006859,cat
006860,bird
006861,automobile
006862,cat
006863,dog
006864,cat
006865,deer
006866,airplane
006867,cat
006868,airplane
006869,automobile
006870,automobile
006871,dog
006872,airplane
006873,cat
006874,airplane
006875,cat
006876,bird
006877,automobile
006878,airplane
006879,deer
006880,bird
006881,deer
006882,airplane
006883,bird
006884,cat
006885,cat
006886,automobile
006887,automobile
006888,dog
006889,airplane
006890,deer
006891,automobile
006892,bird
006893,deer
006894,deer
006895,dog
006896,bird
006897,bird
006898,deer
006899,automobile
006900,bird
006901,automobile
006902,airplane
006903,automobile
006904,bird
006905,dog
006906,deer
006907,bird
006908,automobile
006909,airplane
006910,cat
006911,dog
006912,dog
006913,airplane
006914,bird
006915,cat
006916,automobile
006917,airplane
006918,airplane
006919,airplane
006920,bird
006921,cat
006922,airplane
006923,bird
006924,airplane
006925,airplane
006926,automobile
006927,airplane
006928,automobile
006929,automobile
006930,deer
006931,cat
006932,dog
006933,airplane
006934,cat
006935,bird
006936,airplane
006937,cat
006938,airplane
006939,automobile
006940,dog
006941,automobile
006942,automobile
006943,bird
006944,automobile
006945,airplane
006946,automobile
006947,automobile
006948,cat
006949,bird
006950,bird
006951,cat
006952,bird
006953,cat
006954,bird
006955,airplane
006956,automobile
006957,cat
006958,airplane
006959,airplane
006960,bird
006961,cat
006962,cat
006963,dog
006964,deer
006965,airplane
006966,cat
006967,airplane
006968,cat
006969,bird
006970,deer
006971,deer
006972,bird
006973,deer
006974,deer
006975,cat
006976,bird
006977,airplane
006978,cat
006979,dog
006980,cat
006981,bird
006982,dog
006983,bird
006984,automobile
006985,cat
006986,automobile
006987,bird
006988,airplane
006989,airplane
006990,bird
006991,deer
006992,bird
006993,airplane
006994,airplane
006995,airplane
006996,dog
006997,automobile
006998,deer
006999,automobile
007000,airplane
007001,automobile
007002,deer
007003,cat
007004,cat
007005,automobile
007006,automobile
007007,deer
007008,cat
007009,deer
007010,cat
007011,cat
007012,dog
007013,airplane
007014,airplane
007015,airplane
007016,airplane
007017,cat
007018,cat
007019,automobile
007020,automobile
007021,cat
007022,automobile
007023,deer
007024,cat
007025,airplane
007026,dog
007027,airplane
007028,bird
007029,airplane
007030,automobile
007031,deer
007032,bird
007033,cat
007034,bird
007035,automobile
007036,cat
007037,cat
007038,bird
007039,airplane
007040,airplane
007041,automobile
007042,cat
007043,airplane
007044,automobile
007045,cat
007046,dog
007047,airplane
007048,deer
007049,deer
007050,bird
007051,deer
007052,automobile
007053,airplane
007054,deer
007055,airplane
007056,airplane
007057,automobile
007058,cat
007059,bird
007060,cat
007061,deer
007062,automobile
007063,airplane
007064,deer
007065,deer
007066,bird
007067,bird
007068,automobile
007069,cat
007070,bird
007071,automobile
007072,bird
007073,dog
007074,automobile
007075,cat
007076,airplane
007077,deer
007078,airplane
007079,airplane
007080,airplane
007081,deer
007082,dog
007083,automobile
007084,dog
007085,bird
007086,airplane
007087,deer
007088,bird
007089,cat
007090,deer
007091,deer
007092,cat
007093,airplane
007094,bird
007095,bird
007096,cat
007097,deer
007098,cat
007099,cat
007100,airplane
007101,deer
007102,cat
007103,airplane
007104,deer
007105,cat
007106,deer
007107,bird
007108,cat
007109,cat
007110,airplane
007111,cat
007112,automobile
007113,airplane
007114,cat
007115,cat
007116,dog
007117,automobile
007118,airplane
007119,airplane
007120,airplane
007121,dog
007122,bird
007123,airplane
007124,cat
007125,horse
007126,deer
007127,deer
007128,airplane
007129,airplane
007130,automobile
007131,deer
007132,automobile
007133,airplane
007134,dog
007135,bird
007136,airplane
007137,deer
007138,airplane
007139,bird
007140,airplane
007141,automobile
007142,cat
007143,deer
007144,dog
007145,airplane
007146,bird
007147,dog
007148,deer
007149,bird
007150,cat
007151,bird
007152,airplane
007153,bird
007154,airplane
007155,airplane
007156,dog
007157,deer
007158,airplane
007159,automobile
007160,automobile
007161,bird
007162,dog
007163,automobile
007164,cat
007165,dog
007166,automobile
007167,airplane
007168,deer
007169,deer
007170,dog
007171,airplane
007172,airplane
007173,deer
007174,bird
007175,airplane
007176,automobile
007177,automobile
007178,airplane
007179,automobile
007180,airplane
007181,bird
007182,deer
007183,automobile
007184,deer
007185,bird
007186,automobile
007187,bird
007188,airplane
007189,bird
007190,automobile
007191,deer
007192,bird
007193,cat
007194,bird
007195,deer
007196,automobile
007197,cat
007198,cat
007199,cat
007200,deer
007201,cat
007202,deer
007203,deer
007204,cat
007205,cat
007206,deer
007207,dog
007208,deer
007209,automobile
007210,bird
007211,automobile
007212,automobile
007213,deer
007214,deer
007215,deer
007216,deer
007217,dog
007218,airplane
007219,automobile
007220,automobile
007221,cat
007222,cat
007223,bird
007224,dog
007225,cat
007226,airplane
007227,automobile
007228,airplane
007229,cat
007230,cat
007231,automobile
007232,deer
007233,airplane
007234,deer
007235,bird
007236,dog
007237,dog
007238,automobile
007239,cat
007240,dog
007241,deer
007242,airplane
007243,dog
007244,cat
007245,bird
007246,cat
007247,automobile
007248,cat
007249,automobile
007250,dog
007251,deer
007252,airplane
007253,airplane
007254,automobile
007255,bird
007256,airplane
007257,airplane
007258,dog
007259,automobile
007260,deer
007261,deer
007262,cat
007263,automobile
007264,cat
007265,deer
007266,airplane
007267,cat
007268,airplane
007269,cat
007270,airplane
007271,deer
007272,dog
007273,bird
007274,airplane
007275,airplane
007276,airplane
007277,automobile
007278,deer
007279,bird
007280,airplane
007281,cat
007282,cat
007283,automobile
007284,cat
007285,bird
007286,automobile
007287,cat
007288,airplane
007289,automobile
007290,automobile
007291,cat
007292,automobile
007293,bird
007294,bird
007295,airplane
007296,cat
007297,automobile
007298,airplane
007299,bird
007300,cat
007301,cat
007302,dog
007303,cat
007304,airplane
007305,airplane
007306,bird
007307,airplane
007308,cat
007309,bird
007310,dog
007311,cat
007312,airplane
007313,automobile
007314,cat
007315,airplane
007316,cat
007317,deer
007318,cat
007319,airplane
007320,horse
007321,dog
007322,airplane
007323,deer
007324,bird
007325,airplane
007326,cat
007327,automobile
007328,airplane
007329,deer
007330,automobile
007331,automobile
007332,cat
007333,cat
007334,automobile
007335,airplane
007336,bird
007337,deer
007338,dog
007339,dog
007340,cat
007341,dog
007342,cat
007343,bird
007344,dog
007345,cat
007346,deer
007347,bird
007348,automobile
007349,dog
007350,deer
007351,bird
007352,cat
007353,airplane
007354,airplane
007355,airplane
007356,airplane
007357,automobile
007358,deer
007359,deer
007360,cat
007361,cat
007362,airplane
007363,dog
007364,airplane
007365,cat
007366,cat
007367,bird
007368,dog
007369,bird
007370,automobile
007371,bird
007372,deer
007373,dog
007374,automobile
007375,bird
007376,dog
007377,bird
007378,bird
007379,cat
007380,deer
007381,airplane
007382,cat
007383,cat
007384,cat
007385,bird
007386,cat
007387,automobile
007388,deer
007389,dog
007390,airplane
007391,airplane
007392,dog
007393,deer
007394,bird
007395,automobile
007396,airplane
007397,cat
007398,airplane
007399,dog
007400,bird
007401,deer
007402,automobile
007403,deer
007404,airplane
007405,deer
007406,automobile
007407,cat
007408,airplane
007409,bird
007410,bird
007411,automobile
007412,airplane
007413,automobile
007414,airplane
007415,cat
007416,cat
007417,dog
007418,deer
007419,cat
007420,bird
007421,dog
007422,deer
007423,bird
007424,automobile
007425,airplane
007426,bird
007427,deer
007428,cat
007429,automobile
007430,airplane
007431,deer
007432,automobile
007433,airplane
007434,dog
007435,automobile
007436,airplane
007437,deer
007438,deer
007439,dog
007440,automobile
007441,deer
007442,automobile
007443,cat
007444,airplane
007445,airplane
007446,airplane
007447,bird
007448,deer
007449,cat
007450,airplane
007451,bird
007452,cat
007453,automobile
007454,airplane
007455,cat
007456,airplane
007457,cat
007458,dog
007459,airplane
007460,cat
007461,airplane
007462,dog
007463,deer
007464,cat
007465,airplane
007466,automobile
007467,cat
007468,deer
007469,automobile
007470,deer
007471,dog
007472,automobile
007473,automobile
007474,airplane
007475,airplane
007476,bird
007477,bird
007478,deer
007479,automobile
007480,automobile
007481,deer
007482,automobile
007483,automobile
007484,cat
007485,cat
007486,airplane
007487,automobile
007488,deer
007489,dog
007490,automobile
007491,airplane
007492,airplane
007493,cat
007494,airplane
007495,automobile
007496,deer
007497,airplane
007498,deer
007499,bird
007500,airplane
007501,deer
007502,cat
007503,cat
007504,automobile
007505,dog
007506,deer
007507,automobile
007508,deer
007509,airplane
007510,bird
007511,bird
007512,automobile
007513,automobile
007514,cat
007515,cat
007516,airplane
007517,dog
007518,automobile
007519,automobile
007520,bird
007521,bird
007522,automobile
007523,airplane
007524,airplane
007525,airplane
007526,dog
007527,bird
007528,bird
007529,automobile
007530,airplane
007531,airplane
007532,airplane
007533,automobile
007534,deer
007535,automobile
007536,airplane
007537,bird
007538,deer
007539,bird
007540,airplane
007541,automobile
007542,bird
007543,cat
007544,dog
007545,airplane
007546,bird
007547,bird
007548,cat
007549,airplane
007550,airplane
007551,cat
007552,bird
007553,airplane
007554,bird
007555,bird
007556,dog
007557,deer
007558,airplane
007559,airplane
007560,airplane
007561,automobile
007562,automobile
007563,automobile
007564,airplane
007565,dog
007566,cat
007567,automobile
007568,bird
007569,deer
007570,bird
007571,cat
007572,bird
007573,bird
007574,automobile
007575,automobile
007576,dog
007577,airplane
007578,airplane
007579,automobile
007580,airplane
007581,bird
007582,bird
007583,deer
007584,deer
007585,cat
007586,dog
007587,dog
007588,bird
007589,airplane
007590,cat
007591,cat
007592,cat
007593,airplane
007594,deer
007595,airplane
007596,dog
007597,airplane
007598,airplane
007599,bird
007600,cat
